_id,image,brand,name,price,speed,modulesCount,moduleCapacityGb,firstWordLatencyNs,casLatency
608dd5ff905ec60bdc06a130,/images/ram/ram.jpg,Crucial,Ballistix Sport LT 8 GB,454.73,3000,1,8,10,15
608dd5ff905ec60bdc06a131,/images/ram/ram.jpg,Corsair,Vengeance LPX 16 GB,454.55,3000,1,16,10.667,16
608dd5ff905ec60bdc06a132,/images/ram/ram.jpg,G.Skill,Ripjaws V Series 16 GB,454.50,3000,2,8,10,15
608dd5ff905ec60bdc06a133,/images/ram/ram.jpg,Kingston,HyperX FURY 16 GB,454.50,3000,1,16,10,15
608dd5ff905ec60bdc06a134,/images/ram/ram.jpg,ADATA,XPG SPECTRIX D60G 16 GB,454.50,3200,2,8,10,16
608dd5ff905ec60bdc06a135,/images/ram/ram.jpg,Kingston,KTH-PL426/16G 16 GB,454.18,2666,1,16,14.254,19
608dd5ff905ec60bdc06a136,/images/ram/ram.jpg,G.Skill,Sniper X 16 GB,453.68,3000,2,8,10.667,16
608dd5ff905ec60bdc06a137,/images/ram/ram.jpg,Corsair,ValueSelect 16 GB,452.68,2666,1,16,13.503,18
608dd5ff905ec60bdc06a138,/images/ram/ram.jpg,G.Skill,Ripjaws V Series 16 GB,452.32,2666,2,8,11.253,15
608dd5ff905ec60bdc06a139,/images/ram/ram.jpg,G.Skill,Trident Z 8 GB,450.45,4133,2,4,9.194,19
608dd5ff905ec60bdc06a140,/images/ram/ram.jpg,ADATA,XPG GAMMIX D10 16 GB,450.45,2666,2,8,12.003,16
608dd5ff905ec60bdc06a141,/images/ram/ram.jpg,G.Skill,Ripjaws V 16 GB,449.95,2666,2,8,14.254,19
608dd5ff905ec60bdc06a142,/images/ram/ram.jpg,G.Skill,Aegis 16 GB,449.95,2800,2,8,12.143,17
608dd5ff905ec60bdc06a143,/images/ram/ram.jpg,G.Skill,Ripjaws V Series 16 GB,449.95,3200,2,8,10,16
608dd5ff905ec60bdc06a144,/images/ram/ram.jpg,Team,T-FORCE DARK Z 16 GB,448.63,3200,2,8,10,16
608dd5ff905ec60bdc06a145,/images/ram/ram.jpg,Corsair,Vengeance LPX 16 GB,4458.95,4866,2,8,7.398,18
608dd5ff905ec60bdc06a146,/images/ram/ram.jpg,Corsair,Vengeance LPX 16 GB,445.45,2933,2,8,10.91,16
608dd5ff905ec60bdc06a147,/images/ram/ram.jpg,G.Skill,Ripjaws V Series 16 GB,445.40,3200,1,16,10,16
608dd5ff905ec60bdc06a148,/images/ram/ram.jpg,Kingston,HyperX Fury RGB 16 GB,445.26,3200,1,16,10,16
608dd5ff905ec60bdc06a149,/images/ram/ram.jpg,Patriot,Signature Premium 16 GB,441.44,2666,2,8,14.254,19
608dd5ff905ec60bdc06a150,/images/ram/ram.jpg,Crucial,Ballistix RGB 16 GB,439.39,3200,2,8,10,16
608dd5ff905ec60bdc06a151,/images/ram/ram.jpg,Kingston,FURY 16 GB,436.71,2666,2,8,12.003,16
608dd5ff905ec60bdc06a152,/images/ram/ram.jpg,Team,Vulcan Z 16 GB,436.39,3600,2,8,10,18
608dd5ff905ec60bdc06a153,/images/ram/ram.jpg,Team,T-FORCE VULCAN Z 16 GB,436.39,3600,1,16,10,18
608dd5ff905ec60bdc06a154,/images/ram/ram.jpg,Kingston,HyperX Predator 16 GB,436.35,3000,2,8,10,15
608dd5ff905ec60bdc06a155,/images/ram/ram.jpg,G.Skill,Ripjaws V Series 16 GB,436.30,3466,2,8,9.233,16
608dd5ff905ec60bdc06a156,/images/ram/ram.jpg,Team,T-FORCE VULCAN Z 16 GB,433.39,3200,2,8,10,16
608dd5ff905ec60bdc06a157,/images/ram/ram.jpg,Patriot,Viper 4 Blackout 16 GB,432.93,3200,2,8,10,16
608dd5ff905ec60bdc06a158,/images/ram/ram.jpg,Corsair,Vengeance LPX 16 GB,432.20,3200,2,8,10,16
608dd5ff905ec60bdc06a159,/images/ram/ram.jpg,PNY,XLR8 16 GB,432.02,3200,2,8,10,16
608dd5ff905ec60bdc06a160,/images/ram/ram.jpg,Kingston,HyperX FURY 16 GB,432.02,3200,1,16,10,16
608dd5ff905ec60bdc06a161,/images/ram/ram.jpg,Corsair,Vengeance LPX 16 GB,431.80,2666,1,16,12.003,16
608dd5ff905ec60bdc06a162,/images/ram/ram.jpg,Corsair,Vengeance LPX 16 GB,431.80,2666,2,8,12.003,16
608dd5ff905ec60bdc06a163,/images/ram/ram.jpg,Corsair,Vengeance LPX 16 GB,431.80,3600,2,8,11.111,20
608dd5ff905ec60bdc06a164,/images/ram/ram.jpg,Kingston,HyperX Fury 16 GB,431.75,3200,2,8,10,16
608dd5ff905ec60bdc06a165,/images/ram/ram.jpg,Kingston,HyperX Fury RGB 16 GB,427.25,2666,2,8,12.003,16
608dd5ff905ec60bdc06a166,/images/ram/ram.jpg,Kingston,Predator 16 GB,427.25,3333,2,8,9.601,16
608dd5ff905ec60bdc06a167,/images/ram/ram.jpg,Team,T-FORCE VULCAN Z 16 GB,425.38,3000,2,8,10.667,16
608dd5ff905ec60bdc06a168,/images/ram/ram.jpg,Samsung,M378A2K43CB1-CTD 16 GB,423.70,2666,1,16,14.254,19
608dd5ff905ec60bdc06a169,/images/ram/ram.jpg,Patriot,Viper Steel 16 GB,423.10,3200,1,16,10,16
608dd5ff905ec60bdc06a170,/images/ram/ram.jpg,Crucial,Ballistix 16 GB,423.10,3600,2,8,8.889,16
608dd5ff905ec60bdc06a171,/images/ram/ram.jpg,G.Skill,Ripjaws 4 Series 16 GB,422.70,2666,2,8,11.253,15
608dd5ff905ec60bdc06a172,/images/ram/ram.jpg,Kingston,HyperX Fury RGB 16 GB,422.70,3000,1,16,10,15
608dd5ff905ec60bdc06a173,/images/ram/ram.jpg,G.Skill,Ripjaws V 16 GB,422.70,3600,2,8,10,18
608dd5ff905ec60bdc06a174,/images/ram/ram.jpg,Patriot,Viper Elite 16 GB,422.65,2666,2,8,12.003,16
608dd5ff905ec60bdc06a175,/images/ram/ram.jpg,Team,T-FORCE DARK Za 16 GB,422.47,3600,2,8,10,18
608dd5ff905ec60bdc06a176,/images/ram/ram.jpg,Kingston,HyperX Fury RGB 16 GB,418.15,2666,1,16,12.003,16
608dd5ff905ec60bdc06a177,/images/ram/ram.jpg,Kingston,HyperX Predator 16 GB,418.10,3200,2,8,10,16
608dd5ff905ec60bdc06a178,/images/ram/ram.jpg,Team,T-FORCE VULCAN TUF Gaming Allian 16 GB,415.87,3000,2,8,10.667,16
608dd5ff905ec60bdc06a179,/images/ram/ram.jpg,G.Skill,Aegis 16 GB,414.64,2666,1,16,14.254,19
608dd5ff905ec60bdc06a180,/images/ram/ram.jpg,Patriot,Viper 4 Blackout 16 GB,413.78,3000,2,8,10.667,16
608dd5ff905ec60bdc06a181,/images/ram/ram.jpg,Kingston,HX426C13PB3K2/16 16 GB,413.60,2666,2,8,9.752,13
608dd5ff905ec60bdc06a182,/images/ram/ram.jpg,Crucial,Ballistix RGB 16 GB,413.60,3000,2,8,10.667,16
608dd5ff905ec60bdc06a183,/images/ram/ram.jpg,Mushkin,Enhanced Silverline 16 GB,413.55,2666,2,8,14.254,19
608dd5ff905ec60bdc06a184,/images/ram/ram.jpg,Patriot,Viper Steel 16 GB,413.55,3000,2,8,10.667,16
608dd5ff905ec60bdc06a185,/images/ram/ram.jpg,G.Skill,Ripjaws 4 Series 8 GB,410.77,3000,2,4,10,15
608dd5ff905ec60bdc06a186,/images/ram/ram.jpg,Kingston,HyperX Predator 16 GB,409.05,3200,1,16,10,16
608dd5ff905ec60bdc06a187,/images/ram/ram.jpg,G.Skill,Aegis 16 GB,408.82,3200,2,8,10,16
608dd5ff905ec60bdc06a188,/images/ram/ram.jpg,Crucial,Ballistix MAX 16 GB,4008.05,5100,2,8,7.451,19
608dd5ff905ec60bdc06a189,/images/ram/ram.jpg,Patriot,Viper Steel 16 GB,404.90,3000,1,16,10.667,16
608dd5ff905ec60bdc06a190,/images/ram/ram.jpg,Kingston,HyperX Predator 16 GB,403.13,3000,1,16,10,15
608dd5ff905ec60bdc06a191,/images/ram/ram.jpg,G.Skill,Ripjaws V 16 GB,402.17,3000,2,8,10.667,16
608dd5ff905ec60bdc06a192,/images/ram/ram.jpg,Patriot,Viper 4 16 GB,401.17,3200,2,8,10,16
608dd5ff905ec60bdc06a193,/images/ram/ram.jpg,Corsair,Dominator Platinum RGB 16 GB,4003.95,4800,2,8,7.5,18
608dd5ff905ec60bdc06a194,/images/ram/ram.jpg,G.Skill,Aegis 16 GB,399.58,3000,2,8,10.667,16
608dd5ff905ec60bdc06a195,/images/ram/ram.jpg,Team,T-Force Delta RGB 8 GB,399.26,3000,2,4,10.667,16
608dd5ff905ec60bdc06a196,/images/ram/ram.jpg,Team,T-FORCE VULCAN Z 16 GB,399.26,2666,1,16,13.503,18
608dd5ff905ec60bdc06a197,/images/ram/ram.jpg,Patriot,Viper 4 16 GB,397.03,3000,2,8,10.667,16
608dd5ff905ec60bdc06a198,/images/ram/ram.jpg,Patriot,Viper Elite 16 GB,395.80,2666,1,16,12.003,16
608dd5ff905ec60bdc06a199,/images/ram/ram.jpg,G.Skill,Aegis 16 GB,395.58,3200,1,16,10,16
608dd5ff905ec60bdc06a200,/images/ram/ram.jpg,G.Skill,Ripjaws V Series 64 GB,3891.34,3333,4,16,9.601,16
608dd5ff905ec60bdc06a201,/images/ram/ram.jpg,Corsair,Vengeance LED 32 GB,3881.15,3600,4,8,10,18
608dd5ff905ec60bdc06a202,/images/ram/ram.jpg,Corsair,Vengeance LPX 16 GB,391.25,3000,2,8,10.667,16
608dd5ff905ec60bdc06a203,/images/ram/ram.jpg,Kingston,HyperX Predator 16 GB,390.85,2666,1,16,9.752,13
608dd5ff905ec60bdc06a204,/images/ram/ram.jpg,G.Skill,Aegis 16 GB,386.30,2666,2,8,14.254,19
608dd5ff905ec60bdc06a205,/images/ram/ram.jpg,Patriot,Viper Steel 16 GB,386.25,3200,2,8,10,16
608dd5ff905ec60bdc06a206,/images/ram/ram.jpg,Crucial,Ballistix Elite 8 GB,384.34,3600,1,8,8.889,16
608dd5ff905ec60bdc06a207,/images/ram/ram.jpg,G.Skill,Value 16 GB,383.38,2666,2,8,14.254,19
608dd5ff905ec60bdc06a208,/images/ram/ram.jpg,Kingston,HyperX Fury 16 GB,382.29,2666,2,8,12.003,16
608dd5ff905ec60bdc06a209,/images/ram/ram.jpg,G.Skill,Sniper X 64 GB,3801.98,3200,4,16,10,16
608dd5ff905ec60bdc06a210,/images/ram/ram.jpg,Kingston,HyperX Fury 16 GB,381.75,2666,1,16,12.003,16
608dd5ff905ec60bdc06a211,/images/ram/ram.jpg,Crucial,Ballistix 16 GB,381.47,3200,2,8,10,16
608dd5ff905ec60bdc06a212,/images/ram/ram.jpg,Crucial,CT16G4DFD8266 16 GB,377.70,2666,1,16,14.254,19
608dd5ff905ec60bdc06a213,/images/ram/ram.jpg,G.Skill,Aegis 16 GB,369.60,3000,1,16,10.667,16
608dd5ff905ec60bdc06a214,/images/ram/ram.jpg,Crucial,Ballistix 16 GB,368.46,3000,2,8,10,15
608dd5ff905ec60bdc06a215,/images/ram/ram.jpg,G.Skill,Ripjaws V Series 8 GB,368.41,2666,1,8,11.253,15
608dd5ff905ec60bdc06a216,/images/ram/ram.jpg,Corsair,Vengeance LED 64 GB,3629.72,2666,4,16,12.003,16
608dd5ff905ec60bdc06a217,/images/ram/ram.jpg,Crucial,CT16G4DFD832A 16 GB,361.22,3200,1,16,13.75,22
608dd5ff905ec60bdc06a218,/images/ram/ram.jpg,GeIL,EVO POTENZA 16 GB,359.45,3000,2,8,10.667,16
608dd5ff905ec60bdc06a219,/images/ram/ram.jpg,G.Skill,Trident Z RGB 32 GB,3589.90,4133,4,8,8.226,17
608dd5ff905ec60bdc06a220,/images/ram/ram.jpg,Crucial,Ballistix 16 GB,358.95,2666,2,8,12.003,16
608dd5ff905ec60bdc06a221,/images/ram/ram.jpg,Corsair,Vengeance LPX 64 GB,3511.33,3733,4,16,9.108,17
608dd5ff905ec60bdc06a222,/images/ram/ram.jpg,ADATA,XPG SPECTRIX D41 8 GB,354.17,3000,1,8,10.667,16
608dd5ff905ec60bdc06a223,/images/ram/ram.jpg,Crucial,Ballistix Sport LT 64 GB,3457.95,3000,4,16,10,15
608dd5ff905ec60bdc06a224,/images/ram/ram.jpg,Corsair,Vengeance LPX 16 GB,343.71,3200,1,16,10,16
608dd5ff905ec60bdc06a225,/images/ram/ram.jpg,Corsair,Vengeance LPX 16 GB,3370.46,4500,2,8,8.444,19
608dd5ff905ec60bdc06a226,/images/ram/ram.jpg,G.Skill,Trident Z 8 GB,340.75,3200,2,4,10,16
608dd5ff905ec60bdc06a227,/images/ram/ram.jpg,Corsair,Dominator Platinum RGB 16 GB,3253.20,4600,2,8,8.261,19
608dd5ff905ec60bdc06a228,/images/ram/ram.jpg,Kingston,KSM26ES8/8ME 8 GB,318.41,2666,1,8,14.254,19
608dd5ff905ec60bdc06a229,/images/ram/ram.jpg,Kingston,HyperX Fury 8 GB,318.05,3200,1,8,11.25,18
608dd5ff905ec60bdc06a230,/images/ram/ram.jpg,Corsair,Vengeance RGB Pro 32 GB,3053.05,4266,4,8,8.908,19
608dd5ff905ec60bdc06a231,/images/ram/ram.jpg,Corsair,Dominator Platinum RGB 64 GB,3025.70,3600,4,16,10,18
608dd5ff905ec60bdc06a232,/images/ram/ram.jpg,G.Skill,Ripjaws 4 Series 8 GB,303.12,2800,2,4,11.429,16
608dd5ff905ec60bdc06a233,/images/ram/ram.jpg,ADATA,AD4U266638G19-S 8 GB,300.57,2666,1,8,14.254,19
608dd5ff905ec60bdc06a234,/images/ram/ram.jpg,Corsair,Vengeance RGB 32 GB,2972.33,3600,2,16,10,18
608dd5ff905ec60bdc06a235,/images/ram/ram.jpg,G.Skill,Ripjaws V Series 8 GB,299.80,3200,2,4,10,16
608dd5ff905ec60bdc06a236,/images/ram/ram.jpg,Corsair,Vengeance LED 32 GB,2912.64,3200,4,8,10,16
608dd5ff905ec60bdc06a237,/images/ram/ram.jpg,Corsair,Vengeance RGB 16 GB,2910.13,4600,2,8,8.261,19
608dd5ff905ec60bdc06a238,/images/ram/ram.jpg,G.Skill,Ripjaws 4 Series 8 GB,290.70,2666,2,4,11.253,15
608dd5ff905ec60bdc06a239,/images/ram/ram.jpg,Corsair,Vengeance LED 64 GB,2826.28,3200,4,16,10,16
608dd5ff905ec60bdc06a240,/images/ram/ram.jpg,Kingston,HyperX Predator RGB 8 GB,286.20,3600,1,8,9.444,17
608dd5ff905ec60bdc06a241,/images/ram/ram.jpg,Crucial,CT8G4DFS832A 8 GB,283.15,3200,1,8,13.75,22
608dd5ff905ec60bdc06a242,/images/ram/ram.jpg,G.Skill,Trident Z 8 GB,282.19,2800,2,4,10.714,15
608dd5ff905ec60bdc06a243,/images/ram/ram.jpg,G.Skill,Ripjaws V Series 8 GB,281.42,2666,2,4,11.253,15
608dd5ff905ec60bdc06a244,/images/ram/ram.jpg,Team,T-Force Vulcan 8 GB,268.50,2666,1,8,11.253,15
608dd5ff905ec60bdc06a245,/images/ram/ram.jpg,Corsair,Vengeance RGB Pro 32 GB,2665.80,3733,4,8,9.108,17
608dd5ff905ec60bdc06a246,/images/ram/ram.jpg,Corsair,Vengeance LPX 32 GB,2661.70,4133,4,8,9.194,19
608dd5ff905ec60bdc06a247,/images/ram/ram.jpg,G.Skill,Trident Z 64 GB,2643.50,3200,4,16,8.75,14
608dd5ff905ec60bdc06a248,/images/ram/ram.jpg,Kingston,KTD-PE426S8/8G 8 GB,268.40,2666,1,8,14.254,19
608dd5ff905ec60bdc06a249,/images/ram/ram.jpg,Patriot,Viper 4 8 GB,267.95,3000,2,4,10.667,16
608dd5ff905ec60bdc06a250,/images/ram/ram.jpg,Team,T-FORCE VULCAN Z 8 GB,265.45,3000,1,8,10.667,16
608dd5ff905ec60bdc06a251,/images/ram/ram.jpg,Corsair,Vengeance LPX 32 GB,2616.20,4133,2,16,9.194,19
608dd5ff905ec60bdc06a252,/images/ram/ram.jpg,Kingston,HyperX Fury RGB 8 GB,263.45,3466,1,8,9.233,16
608dd5ff905ec60bdc06a253,/images/ram/ram.jpg,Patriot,Viper 4 Blackout 8 GB,263.40,3000,2,4,10.667,16
608dd5ff905ec60bdc06a254,/images/ram/ram.jpg,Patriot,Signature Premium 8 GB,259.44,2666,2,4,14.254,19
608dd5ff905ec60bdc06a255,/images/ram/ram.jpg,Corsair,Dominator Platinum RGB 32 GB,2566.15,4000,4,8,9.5,19
608dd5ff905ec60bdc06a256,/images/ram/ram.jpg,Corsair,Vengeance LPX 8 GB,259.30,3000,2,4,10.667,16
608dd5ff905ec60bdc06a257,/images/ram/ram.jpg,Kingston,HyperX Predator RGB 8 GB,258.90,2933,1,8,10.228,15
608dd5ff905ec60bdc06a258,/images/ram/ram.jpg,Kingston,HyperX Predator RGB 8 GB,258.90,3000,1,8,10,15
608dd5ff905ec60bdc06a259,/images/ram/ram.jpg,Patriot,Viper 4 Blackout 8 GB,258.67,3200,2,4,11.875,19
608dd5ff905ec60bdc06a260,/images/ram/ram.jpg,Team,T-FORCE VULCAN Z 8 GB,257.03,2666,1,8,13.503,18
608dd5ff905ec60bdc06a261,/images/ram/ram.jpg,Patriot,Viper Elite 8 GB,256.98,2666,2,4,12.003,16
608dd5ff905ec60bdc06a262,/images/ram/ram.jpg,Kingston,KSM26RS8/8MEI 8 GB,255.07,2666,1,8,14.254,19
608dd5ff905ec60bdc06a263,/images/ram/ram.jpg,Corsair,Vengeance LED 64 GB,2537.94,3000,4,16,10.667,16
608dd5ff905ec60bdc06a264,/images/ram/ram.jpg,G.Skill,Ripjaws V Series 32 GB,2526.80,3333,2,16,9.601,16
608dd5ff905ec60bdc06a265,/images/ram/ram.jpg,Corsair,Vengeance RGB Pro 64 GB,2514.92,4000,2,32,9,18
608dd5ff905ec60bdc06a266,/images/ram/ram.jpg,Patriot,Viper Steel 8 GB,254.44,3200,1,8,10,16
608dd5ff905ec60bdc06a267,/images/ram/ram.jpg,Kingston,HyperX Predator RGB 8 GB,249.80,3200,1,8,10,16
608dd5ff905ec60bdc06a268,/images/ram/ram.jpg,Corsair,Dominator Platinum RGB 64 GB,2441.03,3466,4,16,9.233,16
608dd5ff905ec60bdc06a269,/images/ram/ram.jpg,Corsair,Dominator Platinum RGB 64 GB,2434.20,3000,4,16,10,15
608dd5ff905ec60bdc06a270,/images/ram/ram.jpg,Kingston,KTH-PL426S8/8G 8 GB,242.97,2666,1,8,14.254,19
608dd5ff905ec60bdc06a271,/images/ram/ram.jpg,Kingston,ValueRAM 8 GB,242.42,2933,1,8,14.32,21
608dd5ff905ec60bdc06a272,/images/ram/ram.jpg,G.Skill,Aegis 8 GB,242.42,3200,1,8,10,16
608dd5ff905ec60bdc06a273,/images/ram/ram.jpg,Team,T-FORCE VULCAN Z 8 GB,241.38,3600,1,8,10,18
608dd5ff905ec60bdc06a274,/images/ram/ram.jpg,Corsair,Vengeance RGB Pro 64 GB,2409.36,3466,4,16,9.233,16
608dd5ff905ec60bdc06a275,/images/ram/ram.jpg,Corsair,Vengeance LPX 64 GB,2400.08,3600,4,16,10,18
608dd5ff905ec60bdc06a276,/images/ram/ram.jpg,Corsair,Vengeance LED 32 GB,2385.52,3200,2,16,10,16
608dd5ff905ec60bdc06a277,/images/ram/ram.jpg,ADATA,XPG GAMMIX D10 8 GB,240.97,3000,1,8,10.667,16
608dd5ff905ec60bdc06a278,/images/ram/ram.jpg,Corsair,Vengeance LPX 8 GB,240.70,2666,2,4,11.253,15
608dd5ff905ec60bdc06a279,/images/ram/ram.jpg,G.Skill,Ripjaws V Series 32 GB,2350.03,3466,4,8,9.233,16
608dd5ff905ec60bdc06a280,/images/ram/ram.jpg,Corsair,Vengeance LPX 8 GB,236.55,3200,1,8,10,16
608dd5ff905ec60bdc06a281,/images/ram/ram.jpg,Team,T-FORCE VULCAN Z 8 GB,235.87,3200,1,8,10,16
608dd5ff905ec60bdc06a282,/images/ram/ram.jpg,ADATA,XPG GAMMIX D10 8 GB,234.42,2666,1,8,12.003,16
608dd5ff905ec60bdc06a283,/images/ram/ram.jpg,Patriot,Viper Steel 8 GB,233.64,3200,2,4,10,16
608dd5ff905ec60bdc06a284,/images/ram/ram.jpg,G.Skill,Aegis 8 GB,233.32,2666,1,8,14.254,19
608dd5ff905ec60bdc06a285,/images/ram/ram.jpg,Crucial,Ballistix Elite 32 GB,2314.18,4000,4,8,9,18
608dd5ff905ec60bdc06a286,/images/ram/ram.jpg,Corsair,Dominator Platinum RGB 32 GB,2297.70,4000,2,16,9.5,19
608dd5ff905ec60bdc06a287,/images/ram/ram.jpg,G.Skill,Trident Z 32 GB,2283.96,3466,4,8,9.233,16
608dd5ff905ec60bdc06a288,/images/ram/ram.jpg,Patriot,Viper Elite 8 GB,232.00,2666,1,8,12.003,16
608dd5ff905ec60bdc06a289,/images/ram/ram.jpg,Team,T-Force Delta RGB 8 GB,230.32,2666,1,8,11.253,15
608dd5ff905ec60bdc06a290,/images/ram/ram.jpg,Patriot,Signature Premium 8 GB,227.59,2666,1,8,14.254,19
608dd5ff905ec60bdc06a291,/images/ram/ram.jpg,G.Skill,Trident Z RGB 32 GB,2271.82,3466,2,16,9.233,16
608dd5ff905ec60bdc06a292,/images/ram/ram.jpg,G.Skill,Trident Z Royal 64 GB,2257.94,3000,4,16,10.667,16
608dd5ff905ec60bdc06a293,/images/ram/ram.jpg,Corsair,Dominator Platinum 64 GB,2226.95,3000,4,16,10,15
608dd5ff905ec60bdc06a294,/images/ram/ram.jpg,G.Skill,Ripjaws 4 Series 16 GB,2226.59,2800,2,8,11.429,16
608dd5ff905ec60bdc06a295,/images/ram/ram.jpg,G.Skill,Trident Z Royal 64 GB,2206.70,3600,4,16,10,18
608dd5ff905ec60bdc06a296,/images/ram/ram.jpg,G.Skill,Aegis 8 GB,222.86,3000,1,8,10.667,16
608dd5ff905ec60bdc06a297,/images/ram/ram.jpg,Crucial,CT8G4DFS8266 8 GB,222.68,2666,1,8,14.254,19
608dd5ff905ec60bdc06a298,/images/ram/ram.jpg,Kingston,HyperX Fury RGB 8 GB,221.99,3000,1,8,10,15
608dd5ff905ec60bdc06a299,/images/ram/ram.jpg,Kingston,HyperX Fury RGB 8 GB,220.63,2666,1,8,12.003,16
608dd5ff905ec60bdc06a300,/images/ram/ram.jpg,Patriot,Viper Steel 8 GB,220.31,3000,1,8,10.667,16
608dd5ff905ec60bdc06a301,/images/ram/ram.jpg,Kingston,HyperX Fury RGB 8 GB,219.72,3200,1,8,10,16
608dd5ff905ec60bdc06a302,/images/ram/ram.jpg,G.Skill,Trident Z Royal 64 GB,2174.81,3200,2,32,8.75,14
608dd5ff905ec60bdc06a303,/images/ram/ram.jpg,G.Skill,Trident Z 64 GB,2169.67,3600,4,16,9.444,17
608dd5ff905ec60bdc06a304,/images/ram/ram.jpg,G.Skill,Trident Z RGB 32 GB,2156.56,3866,2,16,9.312,18
608dd5ff905ec60bdc06a305,/images/ram/ram.jpg,Corsair,Dominator Platinum RGB 16 GB,2152.15,4266,2,8,8.908,19
608dd5ff905ec60bdc06a306,/images/ram/ram.jpg,G.Skill,Trident Z 32 GB,2151.24,3333,4,8,9.601,16
608dd5ff905ec60bdc06a307,/images/ram/ram.jpg,Kingston,HyperX Predator 8 GB,217.44,2666,1,8,9.752,13
608dd5ff905ec60bdc06a308,/images/ram/ram.jpg,G.Skill,Value 8 GB,214.71,2666,1,8,14.254,19
608dd5ff905ec60bdc06a309,/images/ram/ram.jpg,Crucial,CT4K16G4DFD8266 64 GB,2120.25,2666,4,16,14.254,19
608dd5ff905ec60bdc06a310,/images/ram/ram.jpg,Crucial,Ballistix RGB 64 GB,2120.25,3600,2,32,8.889,16
608dd5ff905ec60bdc06a311,/images/ram/ram.jpg,G.Skill,Trident Z Royal 64 GB,2114.61,3200,4,16,10,16
608dd5ff905ec60bdc06a312,/images/ram/ram.jpg,G.Skill,Trident Z RGB 64 GB,2105.24,4000,2,32,9,18
608dd5ff905ec60bdc06a313,/images/ram/ram.jpg,Corsair,ValueSelect 8 GB,212.89,2666,1,8,13.503,18
608dd5ff905ec60bdc06a314,/images/ram/ram.jpg,Kingston,KCP426NS8/8 8 GB,211.17,2666,1,8,14.254,19
608dd5ff905ec60bdc06a315,/images/ram/ram.jpg,Corsair,Vengeance LED 32 GB,2091.91,3000,2,16,10.667,16
608dd5ff905ec60bdc06a316,/images/ram/ram.jpg,Corsair,Vengeance RGB 32 GB,2085.22,3000,2,16,10,15
608dd5ff905ec60bdc06a317,/images/ram/ram.jpg,Kingston,HyperX 16 GB,2074.80,4800,2,8,7.917,19
608dd5ff905ec60bdc06a318,/images/ram/ram.jpg,Corsair,Dominator Platinum RGB 64 GB,2063.29,3200,4,16,10,16
608dd5ff905ec60bdc06a319,/images/ram/ram.jpg,Corsair,Vengeance RGB Pro 64 GB,2060.70,3000,4,16,10,15
608dd5ff905ec60bdc06a320,/images/ram/ram.jpg,Klevv,Cras 32 GB,2051.69,2800,4,8,11.429,16
608dd5ff905ec60bdc06a321,/images/ram/ram.jpg,Corsair,Vengeance LPX 32 GB,2044.00,3466,4,8,9.233,16
608dd5ff905ec60bdc06a322,/images/ram/ram.jpg,Klevv,Cras 32 GB,2038.67,2666,4,8,11.253,15
608dd5ff905ec60bdc06a323,/images/ram/ram.jpg,G.Skill,Sniper X 64 GB,2037.17,3600,4,16,10.556,19
608dd5ff905ec60bdc06a324,/images/ram/ram.jpg,Corsair,Vengeance LPX 8 GB,204.70,2666,1,8,12.003,16
608dd5ff905ec60bdc06a325,/images/ram/ram.jpg,Corsair,Vengeance LPX 8 GB,204.30,3000,1,8,10.667,16
608dd5ff905ec60bdc06a326,/images/ram/ram.jpg,G.Skill,Sniper X 32 GB,2001.68,3200,4,8,10,16
608dd5ff905ec60bdc06a327,/images/ram/ram.jpg,G.Skill,Ripjaws V 64 GB,1966.92,4000,2,32,9,18
608dd5ff905ec60bdc06a328,/images/ram/ram.jpg,G.Skill,Trident Z RGB 32 GB,1965.55,4266,4,8,7.97,17
608dd5ff905ec60bdc06a329,/images/ram/ram.jpg,G.Skill,Trident Z RGB 64 GB,1965.28,3600,2,32,10,18
608dd5ff905ec60bdc06a330,/images/ram/ram.jpg,G.Skill,Trident Z RGB 64 GB,1956.45,3600,4,16,10,18
608dd5ff905ec60bdc06a331,/images/ram/ram.jpg,Corsair,Vengeance RGB Pro 64 GB,1953.72,3600,4,16,10,18
608dd5ff905ec60bdc06a332,/images/ram/ram.jpg,Corsair,Vengeance RGB 64 GB,1951.95,2666,4,16,12.003,16
608dd5ff905ec60bdc06a333,/images/ram/ram.jpg,Corsair,Vengeance LPX 64 GB,1951.95,3600,2,32,10,18
608dd5ff905ec60bdc06a334,/images/ram/ram.jpg,G.Skill,TridentZ RGB 32 GB,1947.35,4000,4,8,8.5,17
608dd5ff905ec60bdc06a335,/images/ram/ram.jpg,Team,NIGHT HAWK 32 GB,1943.12,3200,2,16,10,16
608dd5ff905ec60bdc06a336,/images/ram/ram.jpg,G.Skill,Trident Z Neo 32 GB,1938.25,3800,2,16,7.368,14
608dd5ff905ec60bdc06a337,/images/ram/ram.jpg,G.Skill,Trident Z Neo 64 GB,1937.16,3200,2,32,10,16
608dd5ff905ec60bdc06a338,/images/ram/ram.jpg,G.Skill,Trident Z Royal 64 GB,1926.79,3600,2,32,8.889,16
608dd5ff905ec60bdc06a339,/images/ram/ram.jpg,G.Skill,Trident Z Royal 32 GB,1924.42,4000,2,16,9.5,19
608dd5ff905ec60bdc06a340,/images/ram/ram.jpg,Corsair,Vengeance RGB Pro 64 GB,1924.20,3200,2,32,10,16
608dd5ff905ec60bdc06a341,/images/ram/ram.jpg,Kingston,HyperX Fury 8 GB,195.60,2666,1,8,12.003,16
608dd5ff905ec60bdc06a342,/images/ram/ram.jpg,G.Skill,Trident Z RGB 64 GB,1910.95,3000,4,16,10.667,16
608dd5ff905ec60bdc06a343,/images/ram/ram.jpg,Kingston,HyperX Fury 64 GB,1892.80,3466,4,16,9.81,17
608dd5ff905ec60bdc06a344,/images/ram/ram.jpg,Kingston,HyperX Fury 64 GB,1892.35,3600,4,16,10,18
608dd5ff905ec60bdc06a345,/images/ram/ram.jpg,G.Skill,Trident Z Neo 64 GB,1874.55,3200,4,16,10,16
608dd5ff905ec60bdc06a346,/images/ram/ram.jpg,Kingston,HyperX Predator RGB 64 GB,1874.55,3200,4,16,10,16
608dd5ff905ec60bdc06a347,/images/ram/ram.jpg,Kingston,ValueRAM 8 GB,187.87,2666,1,8,14.254,19
608dd5ff905ec60bdc06a348,/images/ram/ram.jpg,G.Skill,Trident Z Royal 16 GB,1858.27,4800,2,8,7.5,18
608dd5ff905ec60bdc06a349,/images/ram/ram.jpg,Corsair,Vengeance RGB Pro 16 GB,1851.80,4600,2,8,8.261,19
608dd5ff905ec60bdc06a350,/images/ram/ram.jpg,G.Skill,Trident Z RGB 64 GB,1851.80,3200,4,16,10,16
608dd5ff905ec60bdc06a351,/images/ram/ram.jpg,Kingston,HyperX Fury 64 GB,1847.30,3466,2,32,9.81,17
608dd5ff905ec60bdc06a352,/images/ram/ram.jpg,G.Skill,Trident Z Neo 64 GB,1847.25,3000,4,16,10.667,16
608dd5ff905ec60bdc06a353,/images/ram/ram.jpg,Crucial,Ballistix 64 GB,1847.25,3600,2,32,8.889,16
608dd5ff905ec60bdc06a354,/images/ram/ram.jpg,G.Skill,Trident Z Neo 64 GB,1847.03,3600,4,16,10,18
608dd5ff905ec60bdc06a355,/images/ram/ram.jpg,G.Skill,Trident Z Neo 64 GB,1846.80,3600,2,32,10,18
608dd5ff905ec60bdc06a356,/images/ram/ram.jpg,G.Skill,Ripjaws V Series 32 GB,1845.16,3333,4,8,9.601,16
608dd5ff905ec60bdc06a357,/images/ram/ram.jpg,G.Skill,Sniper X 64 GB,1842.70,3000,4,16,10.667,16
608dd5ff905ec60bdc06a358,/images/ram/ram.jpg,Corsair,Vengeance LPX 16 GB,1834.97,4333,2,8,8.77,19
608dd5ff905ec60bdc06a359,/images/ram/ram.jpg,G.Skill,Trident Z 16 GB,1834.51,4500,2,8,8.444,19
608dd5ff905ec60bdc06a360,/images/ram/ram.jpg,Corsair,Vengeance RGB Pro 64 GB,1833.65,2666,4,16,12.003,16
608dd5ff905ec60bdc06a361,/images/ram/ram.jpg,Kingston,HyperX Predator 64 GB,1833.65,3333,4,16,9.601,16
608dd5ff905ec60bdc06a362,/images/ram/ram.jpg,Kingston,HyperX Fury 64 GB,1826.64,3600,2,32,10,18
608dd5ff905ec60bdc06a363,/images/ram/ram.jpg,G.Skill,Trident Z RGB 64 GB,1820.59,3200,2,32,10,16
608dd5ff905ec60bdc06a364,/images/ram/ram.jpg,Crucial,Ballistix Tactical Tracer 32 GB,1817.09,2666,2,16,12.003,16
608dd5ff905ec60bdc06a365,/images/ram/ram.jpg,G.Skill,Ripjaws V 64 GB,1811.31,3600,2,32,10,18
608dd5ff905ec60bdc06a366,/images/ram/ram.jpg,Team,XTREEM ARGB 32 GB,1801.30,3200,2,16,8.75,14
608dd5ff905ec60bdc06a367,/images/ram/ram.jpg,G.Skill,Flare X 64 GB,1797.20,2933,4,16,10.91,16
608dd5ff905ec60bdc06a368,/images/ram/ram.jpg,Corsair,Vengeance RGB Pro 64 GB,1794.43,2933,4,16,10.91,16
608dd5ff905ec60bdc06a369,/images/ram/ram.jpg,G.Skill,Ripjaws V Series 64 GB,1788.10,2666,4,16,11.253,15
608dd5ff905ec60bdc06a370,/images/ram/ram.jpg,Kingston,HyperX Predator RGB 64 GB,1783.60,3000,4,16,10,15
608dd5ff905ec60bdc06a371,/images/ram/ram.jpg,Corsair,Vengeance RGB Pro 32 GB,1777.14,4000,2,16,9,18
608dd5ff905ec60bdc06a372,/images/ram/ram.jpg,Corsair,Vengeance LPX 64 GB,1775.91,3200,4,16,10,16
608dd5ff905ec60bdc06a373,/images/ram/ram.jpg,Corsair,Dominator Platinum 32 GB,1774.50,2666,4,8,11.253,15
608dd5ff905ec60bdc06a374,/images/ram/ram.jpg,Corsair,Dominator Platinum 16 GB,1774.50,3866,2,8,9.312,18
608dd5ff905ec60bdc06a375,/images/ram/ram.jpg,Kingston,HyperX Predator 64 GB,1769.95,3200,4,16,10,16
608dd5ff905ec60bdc06a376,/images/ram/ram.jpg,Crucial,Ballistix Tactical Tracer 32 GB,1769.81,2666,4,8,12.003,16
608dd5ff905ec60bdc06a377,/images/ram/ram.jpg,Corsair,Vengeance RGB 32 GB,1756.62,3000,4,8,10.667,16
608dd5ff905ec60bdc06a378,/images/ram/ram.jpg,G.Skill,Trident Z Royal 16 GB,1755.80,4600,2,8,7.826,18
608dd5ff905ec60bdc06a379,/images/ram/ram.jpg,G.Skill,Trident Z 32 GB,1752.39,3333,2,16,9.601,16
608dd5ff905ec60bdc06a380,/images/ram/ram.jpg,Thermaltake,TOUGHRAM RGB 64 GB,1751.52,3600,2,32,10,18
608dd5ff905ec60bdc06a381,/images/ram/ram.jpg,Kingston,HyperX Fury RGB 64 GB,1747.20,3200,4,16,10,16
608dd5ff905ec60bdc06a382,/images/ram/ram.jpg,ADATA,XPG SPECTRIX D80 16 GB,1736.01,3200,2,8,10,16
608dd5ff905ec60bdc06a383,/images/ram/ram.jpg,Corsair,Vengeance LPX 16 GB,1728.82,4400,2,8,8.636,19
608dd5ff905ec60bdc06a384,/images/ram/ram.jpg,Crucial,Ballistix MAX 32 GB,1724.45,4400,2,16,8.636,19
608dd5ff905ec60bdc06a385,/images/ram/ram.jpg,Kingston,HyperX Fury RGB 64 GB,1710.80,2666,4,16,12.003,16
608dd5ff905ec60bdc06a386,/images/ram/ram.jpg,Kingston,HyperX Fury RGB 64 GB,1706.25,3000,4,16,10,15
608dd5ff905ec60bdc06a387,/images/ram/ram.jpg,Kingston,HyperX Fury 64 GB,1705.80,3200,4,16,10,16
608dd5ff905ec60bdc06a388,/images/ram/ram.jpg,Team,NIGHT HAWK 32 GB,1704.16,3000,2,16,10.667,16
608dd5ff905ec60bdc06a389,/images/ram/ram.jpg,G.Skill,Ripjaws V 64 GB,1701.65,3000,4,16,10.667,16
608dd5ff905ec60bdc06a390,/images/ram/ram.jpg,Kingston,HyperX Predator 64 GB,1701.38,3000,4,16,10,15
608dd5ff905ec60bdc06a391,/images/ram/ram.jpg,G.Skill,Trident Z RGB 32 GB,1697.10,4266,2,16,7.97,17
608dd5ff905ec60bdc06a392,/images/ram/ram.jpg,G.Skill,Ripjaws V Series 64 GB,1697.10,3000,4,16,10,15
608dd5ff905ec60bdc06a393,/images/ram/ram.jpg,G.Skill,Ripjaws V 64 GB,1697.10,3600,4,16,10,18
608dd5ff905ec60bdc06a394,/images/ram/ram.jpg,Corsair,Vengeance LPX 16 GB,1689.14,4600,2,8,8.261,19
608dd5ff905ec60bdc06a395,/images/ram/ram.jpg,Corsair,Vengeance LPX 64 GB,1684.23,3000,2,32,10.667,16
608dd5ff905ec60bdc06a396,/images/ram/ram.jpg,G.Skill,Ripjaws V Series 32 GB,1682.14,3200,4,8,9.375,15
608dd5ff905ec60bdc06a397,/images/ram/ram.jpg,Corsair,Vengeance LPX 64 GB,1678.95,2666,2,32,12.003,16
608dd5ff905ec60bdc06a398,/images/ram/ram.jpg,Kingston,HyperX Fury 64 GB,1678.95,3000,4,16,10.667,16
608dd5ff905ec60bdc06a399,/images/ram/ram.jpg,Crucial,Ballistix Tactical Tracer 64 GB,1678.45,3000,4,16,10.667,16
608dd5ff905ec60bdc06a400,/images/ram/ram.jpg,Corsair,Vengeance LED 16 GB,1675.90,3200,2,8,10,16
608dd5ff905ec60bdc06a401,/images/ram/ram.jpg,Corsair,Vengeance RGB Pro 16 GB,1674.40,4266,2,8,8.908,19
608dd5ff905ec60bdc06a402,/images/ram/ram.jpg,Kingston,HyperX Predator RGB 64 GB,1674.40,3200,2,32,10,16
608dd5ff905ec60bdc06a403,/images/ram/ram.jpg,G.Skill,Ripjaws V Series 64 GB,1674.35,3200,4,16,10,16
608dd5ff905ec60bdc06a404,/images/ram/ram.jpg,G.Skill,Trident Z RGB 32 GB,1671.76,4000,2,16,9.5,19
608dd5ff905ec60bdc06a405,/images/ram/ram.jpg,Corsair,Vengeance RGB Pro 64 GB,1664.85,3200,4,16,10,16
608dd5ff905ec60bdc06a406,/images/ram/ram.jpg,G.Skill,Flare X 64 GB,1660.75,3200,4,16,10,16
608dd5ff905ec60bdc06a407,/images/ram/ram.jpg,G.Skill,Trident Z RGB 16 GB,1653.88,4600,2,8,7.826,18
608dd5ff905ec60bdc06a408,/images/ram/ram.jpg,G.Skill,Trident Z RGB 32 GB,1651.60,4000,4,8,9,18
608dd5ff905ec60bdc06a409,/images/ram/ram.jpg,G.Skill,Trident Z 16 GB,1644.32,4600,2,8,8.261,19
608dd5ff905ec60bdc06a410,/images/ram/ram.jpg,Corsair,Vengeance LPX 64 GB,1642.91,2666,4,16,12.003,16
608dd5ff905ec60bdc06a411,/images/ram/ram.jpg,Kingston,HyperX Predator 64 GB,1642.55,3200,2,32,10,16
608dd5ff905ec60bdc06a412,/images/ram/ram.jpg,ADATA,XPG GAMMIX D10 32 GB,1641.64,3000,2,16,10.667,16
608dd5ff905ec60bdc06a413,/images/ram/ram.jpg,G.Skill,Trident Z Royal 16 GB,1638.32,4400,2,8,8.182,18
608dd5ff905ec60bdc06a414,/images/ram/ram.jpg,Corsair,Vengeance LPX 64 GB,1630.67,3200,2,32,10,16
608dd5ff905ec60bdc06a415,/images/ram/ram.jpg,Kingston,HyperX Predator 64 GB,1630.17,2666,4,16,9.752,13
608dd5ff905ec60bdc06a416,/images/ram/ram.jpg,Team,T-Force Night Hawk RGB 32 GB,1624.30,3200,2,16,10,16
608dd5ff905ec60bdc06a417,/images/ram/ram.jpg,Corsair,Dominator Platinum 32 GB,1619.80,2666,2,16,11.253,15
608dd5ff905ec60bdc06a418,/images/ram/ram.jpg,Corsair,Vengeance LPX 32 GB,1615.20,4000,2,16,9.5,19
608dd5ff905ec60bdc06a419,/images/ram/ram.jpg,Kingston,HyperX Fury 64 GB,1614.80,2666,4,16,12.003,16
608dd5ff905ec60bdc06a420,/images/ram/ram.jpg,G.Skill,Aegis 64 GB,1610.65,3200,4,16,10,16
608dd5ff905ec60bdc06a421,/images/ram/ram.jpg,Kingston,HyperX Fury 64 GB,1610.29,3200,2,32,10,16
608dd5ff905ec60bdc06a422,/images/ram/ram.jpg,G.Skill,Trident Z 32 GB,1606.10,4000,2,16,9.5,19
608dd5ff905ec60bdc06a423,/images/ram/ram.jpg,G.Skill,Ripjaws V 32 GB,1606.10,4266,2,16,7.97,17
608dd5ff905ec60bdc06a424,/images/ram/ram.jpg,G.Skill,Trident Z Royal 32 GB,1601.55,4000,4,8,9,18
608dd5ff905ec60bdc06a425,/images/ram/ram.jpg,G.Skill,Ripjaws V 64 GB,1576.21,3200,2,32,10,16
608dd5ff905ec60bdc06a426,/images/ram/ram.jpg,Kingston,HyperX Fury 64 GB,1574.25,2666,2,32,12.003,16
608dd5ff905ec60bdc06a427,/images/ram/ram.jpg,G.Skill,Trident Z Royal 32 GB,1565.70,3000,4,8,10.667,16
608dd5ff905ec60bdc06a428,/images/ram/ram.jpg,G.Skill,Sniper X 16 GB,1552.55,3466,2,8,10.387,18
608dd5ff905ec60bdc06a429,/images/ram/ram.jpg,Crucial,CT2K32G4DFD832A 64 GB,1550.87,3200,2,32,13.75,22
608dd5ff905ec60bdc06a430,/images/ram/ram.jpg,Kingston,HyperX Fury RGB 64 GB,1547.00,3200,2,32,10,16
608dd5ff905ec60bdc06a431,/images/ram/ram.jpg,G.Skill,Ripjaws V Series 64 GB,1546.95,2800,4,16,10.714,15
608dd5ff905ec60bdc06a432,/images/ram/ram.jpg,G.Skill,Flare X 32 GB,1541.81,2933,4,8,10.91,16
608dd5ff905ec60bdc06a433,/images/ram/ram.jpg,Crucial,Ballistix Sport LT 32 GB,1533.81,2666,4,8,12.003,16
608dd5ff905ec60bdc06a434,/images/ram/ram.jpg,Patriot,Viper Steel 64 GB,1524.20,3600,2,32,10,18
608dd5ff905ec60bdc06a435,/images/ram/ram.jpg,Patriot,Viper 4 Blackout 64 GB,1524.20,3600,2,32,10,18
608dd5ff905ec60bdc06a436,/images/ram/ram.jpg,Corsair,Vengeance RGB 32 GB,1512.10,2666,4,8,12.003,16
608dd5ff905ec60bdc06a437,/images/ram/ram.jpg,Gigabyte,DESIGNARE 64 GB,1509.92,3200,2,32,10,16
608dd5ff905ec60bdc06a438,/images/ram/ram.jpg,G.Skill,Ripjaws V 64 GB,1509.74,2666,2,32,13.503,18
608dd5ff905ec60bdc06a439,/images/ram/ram.jpg,Corsair,Vengeance LPX 64 GB,1494.58,3000,4,16,10.667,16
608dd5ff905ec60bdc06a440,/images/ram/ram.jpg,Team,T-FORCE DARK Za 32 GB,1492.35,3200,2,16,10,16
608dd5ff905ec60bdc06a441,/images/ram/ram.jpg,G.Skill,Ripjaws V Series 8 GB,1465.87,3733,2,4,9.108,17
608dd5ff905ec60bdc06a442,/images/ram/ram.jpg,Corsair,Vengeance RGB Pro 64 GB,1464.60,3000,2,32,10.667,16
608dd5ff905ec60bdc06a443,/images/ram/ram.jpg,Corsair,Vengeance RGB Pro 32 GB,1462.28,4000,4,8,9,18
608dd5ff905ec60bdc06a444,/images/ram/ram.jpg,Crucial,Ballistix RGB 64 GB,1441.90,3200,2,32,10,16
608dd5ff905ec60bdc06a445,/images/ram/ram.jpg,G.Skill,Trident Z RGB 32 GB,1437.53,3733,2,16,9.108,17
608dd5ff905ec60bdc06a446,/images/ram/ram.jpg,Crucial,Ballistix MAX 32 GB,1411.73,4000,2,16,9,18
608dd5ff905ec60bdc06a447,/images/ram/ram.jpg,Corsair,Dominator Platinum RGB 32 GB,1401.40,3600,4,8,10,18
608dd5ff905ec60bdc06a448,/images/ram/ram.jpg,G.Skill,Trident Z 32 GB,1396.80,3600,4,8,8.889,16
608dd5ff905ec60bdc06a449,/images/ram/ram.jpg,ADATA,XPG GAMMIX D20 64 GB,1387.30,3200,2,32,10,16
608dd5ff905ec60bdc06a450,/images/ram/ram.jpg,G.Skill,Trident Z 32 GB,1382.34,3000,2,16,10,15
608dd5ff905ec60bdc06a451,/images/ram/ram.jpg,G.Skill,TridentZ RGB 32 GB,1381.11,3200,2,16,9.375,15
608dd5ff905ec60bdc06a452,/images/ram/ram.jpg,Crucial,Ballistix 64 GB,1377.51,3200,2,32,10,16
608dd5ff905ec60bdc06a453,/images/ram/ram.jpg,Patriot,Viper 4 Blackout 64 GB,1369.10,3200,2,32,10,16
608dd5ff905ec60bdc06a454,/images/ram/ram.jpg,Crucial,Ballistix MAX RGB 32 GB,1364.95,4000,2,16,9,18
608dd5ff905ec60bdc06a455,/images/ram/ram.jpg,Kingston,HyperX Fury RGB 32 GB,1360.40,3600,2,16,9.444,17
608dd5ff905ec60bdc06a456,/images/ram/ram.jpg,G.Skill,Trident Z RGB 32 GB,1346.30,3466,4,8,9.233,16
608dd5ff905ec60bdc06a457,/images/ram/ram.jpg,Corsair,Vengeance LPX 32 GB,1343.39,4000,4,8,9.5,19
608dd5ff905ec60bdc06a458,/images/ram/ram.jpg,Corsair,Dominator Platinum RGB 16 GB,1341.43,4000,2,8,9.5,19
608dd5ff905ec60bdc06a459,/images/ram/ram.jpg,G.Skill,Trident Z 8 GB,1328.60,4000,2,4,9.5,19
608dd5ff905ec60bdc06a460,/images/ram/ram.jpg,Crucial,CT4K8G4DFS8266 32 GB,1320.32,2666,4,8,14.254,19
608dd5ff905ec60bdc06a461,/images/ram/ram.jpg,G.Skill,Trident Z Royal 32 GB,1314.90,3600,4,8,10,18
608dd5ff905ec60bdc06a462,/images/ram/ram.jpg,G.Skill,Ripjaws 4 Series 8 GB,1312.36,3200,2,4,10,16
608dd5ff905ec60bdc06a463,/images/ram/ram.jpg,Corsair,Dominator Platinum RGB 32 GB,1305.85,3600,2,16,10,18
608dd5ff905ec60bdc06a464,/images/ram/ram.jpg,Crucial,Ballistix Elite 16 GB,1300.80,4000,2,8,9,18
608dd5ff905ec60bdc06a465,/images/ram/ram.jpg,G.Skill,Trident Z 16 GB,1296.70,3866,2,8,9.312,18
608dd5ff905ec60bdc06a466,/images/ram/ram.jpg,Corsair,Dominator Platinum RGB 32 GB,1296.70,3200,2,16,10,16
608dd5ff905ec60bdc06a467,/images/ram/ram.jpg,G.Skill,Ripjaws V 16 GB,1295.20,4266,2,8,7.97,17
608dd5ff905ec60bdc06a468,/images/ram/ram.jpg,Corsair,Dominator Platinum RGB 32 GB,1293.93,3200,4,8,10,16
608dd5ff905ec60bdc06a469,/images/ram/ram.jpg,G.Skill,Trident Z 32 GB,1291.43,3300,4,8,9.697,16
608dd5ff905ec60bdc06a470,/images/ram/ram.jpg,Kingston,Predator 32 GB,1284.87,3000,2,16,10.667,16
608dd5ff905ec60bdc06a471,/images/ram/ram.jpg,Patriot,Signature Line 64 GB,1273.95,3200,2,32,13.75,22
608dd5ff905ec60bdc06a472,/images/ram/ram.jpg,G.Skill,Trident Z RGB 32 GB,1254.75,2933,2,16,10.91,16
608dd5ff905ec60bdc06a473,/images/ram/ram.jpg,Corsair,Vengeance LPX 16 GB,1249.34,3466,2,8,9.233,16
608dd5ff905ec60bdc06a474,/images/ram/ram.jpg,G.Skill,Trident Z 16 GB,1242.38,3333,2,8,9.601,16
608dd5ff905ec60bdc06a475,/images/ram/ram.jpg,Crucial,CT32G4LFD4266 32 GB,1235.78,2666,1,32,14.254,19
608dd5ff905ec60bdc06a476,/images/ram/ram.jpg,Team,T-FORCE DARK Za 32 GB,1225.95,3600,2,16,10,18
608dd5ff905ec60bdc06a477,/images/ram/ram.jpg,Corsair,Dominator Platinum RGB 32 GB,1219.40,3466,2,16,9.233,16
608dd5ff905ec60bdc06a478,/images/ram/ram.jpg,Team,T-FORCE DARK PRO 8PACK RIPPED 16 GB,1209.80,3600,2,8,7.778,14
608dd5ff905ec60bdc06a479,/images/ram/ram.jpg,Corsair,Vengeance RGB Pro 32 GB,1209.80,3466,2,16,9.233,16
608dd5ff905ec60bdc06a480,/images/ram/ram.jpg,Kingston,HyperX Predator RGB 32 GB,1207.80,3600,4,8,9.444,17
608dd5ff905ec60bdc06a481,/images/ram/ram.jpg,Corsair,Dominator Platinum RGB 32 GB,1205.70,3000,4,8,10,15
608dd5ff905ec60bdc06a482,/images/ram/ram.jpg,G.Skill,Trident Z Royal 32 GB,1201.61,3200,2,16,10,16
608dd5ff905ec60bdc06a483,/images/ram/ram.jpg,Corsair,Vengeance RGB Pro 32 GB,1201.52,3000,2,16,10,15
608dd5ff905ec60bdc06a484,/images/ram/ram.jpg,Corsair,Vengeance RGB 16 GB,1175.58,3600,2,8,10,18
608dd5ff905ec60bdc06a485,/images/ram/ram.jpg,G.Skill,Trident Z Royal 32 GB,1160.98,3000,2,16,10.667,16
608dd5ff905ec60bdc06a486,/images/ram/ram.jpg,Corsair,Vengeance LPX 16 GB,1159.75,4133,2,8,9.194,19
608dd5ff905ec60bdc06a487,/images/ram/ram.jpg,G.Skill,Ripjaws V 32 GB,1157.25,3600,4,8,8.889,16
608dd5ff905ec60bdc06a488,/images/ram/ram.jpg,Crucial,CT2K16G4DFD8266 32 GB,1155.61,2666,2,16,14.254,19
608dd5ff905ec60bdc06a489,/images/ram/ram.jpg,G.Skill,Trident Z Neo 32 GB,1150.65,3600,4,8,10,18
608dd5ff905ec60bdc06a490,/images/ram/ram.jpg,Thermaltake,TOUGHRAM RGB 32 GB,1148.42,3600,2,16,10,18
608dd5ff905ec60bdc06a491,/images/ram/ram.jpg,Mushkin,Enhanced Silverline 32 GB,1142.00,2666,2,16,14.254,19
608dd5ff905ec60bdc06a492,/images/ram/ram.jpg,Kingston,Predator 16 GB,1137.05,3600,2,8,9.444,17
608dd5ff905ec60bdc06a493,/images/ram/ram.jpg,G.Skill,Trident Z RGB 32 GB,1132.45,3600,4,8,10,18
608dd5ff905ec60bdc06a494,/images/ram/ram.jpg,ADATA,XPG SPECTRIX D40 16 GB,1120.89,3200,2,8,10,16
608dd5ff905ec60bdc06a495,/images/ram/ram.jpg,Corsair,Vengeance LPX 16 GB,1120.80,4266,2,8,8.908,19
608dd5ff905ec60bdc06a496,/images/ram/ram.jpg,G.Skill,Trident Z RGB 16 GB,1114.25,4400,2,8,7.273,16
608dd5ff905ec60bdc06a497,/images/ram/ram.jpg,ADATA,XPG SPECTRIX D41 32 GB,1093.50,3200,2,16,10,16
608dd5ff905ec60bdc06a498,/images/ram/ram.jpg,G.Skill,Trident Z Neo 16 GB,1087.45,3800,2,8,7.368,14
608dd5ff905ec60bdc06a499,/images/ram/ram.jpg,G.Skill,Trident Z RGB 32 GB,1082.40,2666,4,8,13.503,18
608dd5ff905ec60bdc06a500,/images/ram/ram.jpg,G.Skill,Trident Z Neo 32 GB,1082.40,3200,4,8,10,16
608dd5ff905ec60bdc06a501,/images/ram/ram.jpg,G.Skill,Ripjaws V Series 32 GB,1073.30,3000,2,16,10,15
608dd5ff905ec60bdc06a502,/images/ram/ram.jpg,Team,T-Force Dark Pro 16 GB,1051.37,3000,2,8,10,15
608dd5ff905ec60bdc06a503,/images/ram/ram.jpg,Kingston,HyperX Predator RGB 32 GB,1046.00,3200,4,8,10,16
608dd5ff905ec60bdc06a504,/images/ram/ram.jpg,G.Skill,Trident Z Neo 32 GB,1039.17,4000,2,16,9,18
608dd5ff905ec60bdc06a505,/images/ram/ram.jpg,G.Skill,Trident Z RGB 32 GB,1036.90,3200,4,8,10,16
608dd5ff905ec60bdc06a506,/images/ram/ram.jpg,Crucial,Ballistix RGB 32 GB,1036.90,3600,2,16,8.889,16
608dd5ff905ec60bdc06a507,/images/ram/ram.jpg,Corsair,Vengeance RGB Pro 32 GB,1036.85,2933,2,16,10.91,16
608dd5ff905ec60bdc06a508,/images/ram/ram.jpg,Crucial,MTA18ASF4G72AZ-3G2B1 32 GB,1032.49,3200,1,32,13.75,22
608dd5ff905ec60bdc06a509,/images/ram/ram.jpg,G.Skill,Trident Z Royal 32 GB,1031.39,3600,2,16,10.556,19
608dd5ff905ec60bdc06a510,/images/ram/ram.jpg,G.Skill,Trident Z 16 GB,1030.30,3466,2,8,9.233,16
608dd5ff905ec60bdc06a511,/images/ram/ram.jpg,Kingston,HyperX Fury 32 GB,1028.30,3466,4,8,9.233,16
608dd5ff905ec60bdc06a512,/images/ram/ram.jpg,Corsair,Dominator Platinum 8 GB,1027.80,4000,2,4,9.5,19
608dd5ff905ec60bdc06a513,/images/ram/ram.jpg,Corsair,Vengeance RGB Pro 32 GB,1023.30,3200,4,8,10,16
608dd5ff905ec60bdc06a514,/images/ram/ram.jpg,G.Skill,TridentZ RGB Series 16 GB,1023.25,4000,2,8,8.5,17
608dd5ff905ec60bdc06a515,/images/ram/ram.jpg,Kingston,HyperX Fury RGB 32 GB,1018.75,3466,4,8,9.233,16
608dd5ff905ec60bdc06a516,/images/ram/ram.jpg,Kingston,HyperX Predator RGB 32 GB,1014.20,3000,4,8,10,15
608dd5ff905ec60bdc06a517,/images/ram/ram.jpg,Crucial,Ballistix Tactical Tracer RGB 32 GB,1012.47,3200,4,8,10,16
608dd5ff905ec60bdc06a518,/images/ram/ram.jpg,G.Skill,Trident Z Neo 32 GB,1010.83,3000,4,8,10.667,16
608dd5ff905ec60bdc06a519,/images/ram/ram.jpg,Corsair,Vengeance RGB Pro SL 32 GB,1005.64,3600,4,8,10,18
608dd5ff905ec60bdc06a520,/images/ram/ram.jpg,Kingston,HyperX Predator RGB 32 GB,1005.10,2933,4,8,10.228,15
608dd5ff905ec60bdc06a521,/images/ram/ram.jpg,G.Skill,Trident Z RGB 32 GB,1005.05,3000,4,8,10.667,16
608dd5ff905ec60bdc06a522,/images/ram/ram.jpg,Corsair,Vengeance RGB Pro 32 GB,1001.00,3000,4,8,10,15
608dd5ff905ec60bdc06a523,/images/ram/ram.jpg,Corsair,Vengeance RGB Pro 32 GB,1001.00,3600,4,8,10,18
608dd5ff905ec60bdc06a524,/images/ram/ram.jpg,G.Skill,Flare X 32 GB,1000.50,2933,2,16,9.547,14
608dd5ff905ec60bdc06a525,/images/ram/ram.jpg,Team,T-FORCE DARK Z 32 GB,990.81,3200,2,16,10,16
608dd5ff905ec60bdc06a526,/images/ram/ram.jpg,Team,T-Force XTREEM ARGB 32 GB,982.30,3200,2,16,10,16
608dd5ff905ec60bdc06a527,/images/ram/ram.jpg,G.Skill,Trident Z Royal 16 GB,982.12,4266,2,8,8.908,19
608dd5ff905ec60bdc06a528,/images/ram/ram.jpg,G.Skill,Ripjaws 4 series 32 GB,979.30,2800,4,8,10.714,15
608dd5ff905ec60bdc06a529,/images/ram/ram.jpg,Corsair,Vengeance RGB Pro 32 GB,975.43,2666,4,8,12.003,16
608dd5ff905ec60bdc06a530,/images/ram/ram.jpg,Corsair,Dominator Platinum 16 GB,973.70,2666,2,8,11.253,15
608dd5ff905ec60bdc06a531,/images/ram/ram.jpg,Corsair,Dominator Platinum 32 GB,965.51,3000,2,16,10,15
608dd5ff905ec60bdc06a532,/images/ram/ram.jpg,Corsair,Vengeance LED 16 GB,962.64,3000,2,8,10,15
608dd5ff905ec60bdc06a533,/images/ram/ram.jpg,G.Skill,Trident Z 32 GB,961.46,3600,2,16,9.444,17
608dd5ff905ec60bdc06a534,/images/ram/ram.jpg,Team,T-FORCE XCALIBUR RGB 16 GB,960.19,4000,2,8,9,18
608dd5ff905ec60bdc06a535,/images/ram/ram.jpg,G.Skill,Ripjaws V Series 32 GB,959.32,2800,2,16,10.714,15
608dd5ff905ec60bdc06a536,/images/ram/ram.jpg,G.Skill,Sniper X 32 GB,955.27,3000,4,8,10.667,16
608dd5ff905ec60bdc06a537,/images/ram/ram.jpg,G.Skill,Trident Z Neo 32 GB,954.23,3600,2,16,10,18
608dd5ff905ec60bdc06a538,/images/ram/ram.jpg,G.Skill,Sniper X 32 GB,950.72,3600,2,16,10.556,19
608dd5ff905ec60bdc06a539,/images/ram/ram.jpg,Kingston,HyperX Predator 32 GB,945.90,3000,4,8,10,15
608dd5ff905ec60bdc06a540,/images/ram/ram.jpg,ADATA,XPG SPECTRIX D50 32 GB,945.26,3600,2,16,10,18
608dd5ff905ec60bdc06a541,/images/ram/ram.jpg,G.Skill,Ripjaws 4 series 32 GB,945.13,2666,4,8,12.003,16
608dd5ff905ec60bdc06a542,/images/ram/ram.jpg,ADATA,XPG GAMMIX D20 32 GB,941.94,3600,2,16,10,18
608dd5ff905ec60bdc06a543,/images/ram/ram.jpg,G.Skill,Trident Z Neo 32 GB,941.76,3200,2,16,10,16
608dd5ff905ec60bdc06a544,/images/ram/ram.jpg,G.Skill,Ripjaws V Series 32 GB,941.40,3000,4,8,10,15
608dd5ff905ec60bdc06a545,/images/ram/ram.jpg,Kingston,HyperX Fury RGB 32 GB,941.40,3200,4,8,10,16
608dd5ff905ec60bdc06a546,/images/ram/ram.jpg,G.Skill,Trident Z RGB 32 GB,941.35,3600,2,16,10,18
608dd5ff905ec60bdc06a547,/images/ram/ram.jpg,ADATA,XPG GAMMIX D10 16 GB,937.35,3000,1,16,10.667,16
608dd5ff905ec60bdc06a548,/images/ram/ram.jpg,Crucial,Ballistix Elite 16 GB,937.30,3200,2,8,9.375,15
608dd5ff905ec60bdc06a549,/images/ram/ram.jpg,Corsair,Dominator Platinum 8 GB,936.80,3600,2,4,10,18
608dd5ff905ec60bdc06a550,/images/ram/ram.jpg,Crucial,Ballistix MAX 16 GB,934.84,4400,2,8,8.636,19
608dd5ff905ec60bdc06a551,/images/ram/ram.jpg,Kingston,HyperX Predator 32 GB,932.84,3600,2,16,9.444,17
608dd5ff905ec60bdc06a552,/images/ram/ram.jpg,G.Skill,Trident Z RGB 16 GB,932.25,4266,2,8,8.908,19
608dd5ff905ec60bdc06a553,/images/ram/ram.jpg,G.Skill,Ripjaws V 16 GB,932.25,4400,2,8,7.273,16
608dd5ff905ec60bdc06a554,/images/ram/ram.jpg,G.Skill,Ripjaws V Series 32 GB,932.25,2666,4,8,11.253,15
608dd5ff905ec60bdc06a555,/images/ram/ram.jpg,G.Skill,Trident Z RGB 16 GB,931.43,3866,2,8,9.312,18
608dd5ff905ec60bdc06a556,/images/ram/ram.jpg,G.Skill,Trident Z RGB 32 GB,926.74,3000,2,16,10.667,16
608dd5ff905ec60bdc06a557,/images/ram/ram.jpg,Team,T-Force DARK 16 GB,923.74,3200,2,8,10,16
608dd5ff905ec60bdc06a558,/images/ram/ram.jpg,G.Skill,Trident Z 32 GB,923.15,3200,4,8,10,16
608dd5ff905ec60bdc06a559,/images/ram/ram.jpg,Team,T-Force Delta RGB 32 GB,918.05,3600,2,16,10,18
608dd5ff905ec60bdc06a560,/images/ram/ram.jpg,ADATA,XPG SPECTRIX D60G 32 GB,916.37,3200,2,16,10,16
608dd5ff905ec60bdc06a561,/images/ram/ram.jpg,Kingston,HyperX Fury RGB 32 GB,914.10,2666,4,8,12.003,16
608dd5ff905ec60bdc06a562,/images/ram/ram.jpg,Kingston,HyperX Fury RGB 32 GB,914.10,3000,4,8,10,15
608dd5ff905ec60bdc06a563,/images/ram/ram.jpg,G.Skill,Ripjaws V 16 GB,911.77,3333,2,8,9.601,16
608dd5ff905ec60bdc06a564,/images/ram/ram.jpg,G.Skill,Sniper X 32 GB,909.77,3200,2,16,10,16
608dd5ff905ec60bdc06a565,/images/ram/ram.jpg,Samsung,M393A4K40CB2-CVF 32 GB,909.32,2933,1,32,14.32,21
608dd5ff905ec60bdc06a566,/images/ram/ram.jpg,G.Skill,Trident Z Neo 32 GB,907.00,3000,2,16,10.667,16
608dd5ff905ec60bdc06a567,/images/ram/ram.jpg,ADATA,XPG Spectrix D40 16 GB,905.45,3000,2,8,10.667,16
608dd5ff905ec60bdc06a568,/images/ram/ram.jpg,Corsair,Vengeance LPX 32 GB,905.45,3600,2,16,10,18
608dd5ff905ec60bdc06a569,/images/ram/ram.jpg,G.Skill,Trident Z 16 GB,905.00,4400,2,8,8.636,19
608dd5ff905ec60bdc06a570,/images/ram/ram.jpg,Corsair,Vengeance RGB Pro SL 32 GB,905.00,3200,4,8,10,16
608dd5ff905ec60bdc06a571,/images/ram/ram.jpg,Corsair,Vengeance RGB Pro 32 GB,904.54,2666,2,16,12.003,16
608dd5ff905ec60bdc06a572,/images/ram/ram.jpg,GeIL,SUPER LUCE RGB SYNC 16 GB,900.85,3000,2,8,10.667,16
608dd5ff905ec60bdc06a573,/images/ram/ram.jpg,ADATA,XPG SPECTRIX D50 32 GB,900.67,3200,2,16,10,16
608dd5ff905ec60bdc06a574,/images/ram/ram.jpg,Kingston,HyperX Predator RGB 32 GB,900.45,3000,2,16,10,15
608dd5ff905ec60bdc06a575,/images/ram/ram.jpg,G.Skill,Trident Z RGB 32 GB,900.40,3200,2,16,10,16
608dd5ff905ec60bdc06a576,/images/ram/ram.jpg,G.Skill,Sniper X 32 GB,896.12,3000,2,16,10.667,16
608dd5ff905ec60bdc06a577,/images/ram/ram.jpg,Team,T-FORCE DELTA TUF Gaming 32 GB,890.48,3200,2,16,10,16
608dd5ff905ec60bdc06a578,/images/ram/ram.jpg,Team,T-FORCE NIGHT HAWK Legend RGB 32 GB,889.16,3200,2,16,10,16
608dd5ff905ec60bdc06a579,/images/ram/ram.jpg,Corsair,Vengeance LPX 32 GB,888.84,3200,2,16,10,16
608dd5ff905ec60bdc06a580,/images/ram/ram.jpg,Crucial,Ballistix RGB 32 GB,888.75,3200,2,16,10,16
608dd5ff905ec60bdc06a581,/images/ram/ram.jpg,Corsair,Vengeance RGB Pro SL 32 GB,887.34,3600,2,16,10,18
608dd5ff905ec60bdc06a582,/images/ram/ram.jpg,GeIL,SUPER LUCE RGB 16 GB,887.20,3000,2,8,10.667,16
608dd5ff905ec60bdc06a583,/images/ram/ram.jpg,Corsair,Vengeance LPX 32 GB,886.80,3200,4,8,10,16
608dd5ff905ec60bdc06a584,/images/ram/ram.jpg,Corsair,Vengeance LPX 32 GB,886.80,3600,4,8,10,18
608dd5ff905ec60bdc06a585,/images/ram/ram.jpg,Kingston,HyperX Fury RGB 32 GB,886.75,3000,2,16,10,15
608dd5ff905ec60bdc06a586,/images/ram/ram.jpg,Crucial,Ballistix 32 GB,882.25,3600,2,16,8.889,16
608dd5ff905ec60bdc06a587,/images/ram/ram.jpg,Kingston,KSM26ED8/32ME 32 GB,873.78,2666,4,8,14.254,19
608dd5ff905ec60bdc06a588,/images/ram/ram.jpg,Kingston,HyperX Predator RGB 16 GB,873.60,4000,2,8,9.5,19
608dd5ff905ec60bdc06a589,/images/ram/ram.jpg,Crucial,CT16G4WFD8266 16 GB,873.33,2666,1,16,14.254,19
608dd5ff905ec60bdc06a590,/images/ram/ram.jpg,G.Skill,Ripjaws 4 series 32 GB,873.10,3000,4,8,10,15
608dd5ff905ec60bdc06a591,/images/ram/ram.jpg,G.Skill,Flare X 32 GB,873.10,3200,2,16,10,16
608dd5ff905ec60bdc06a592,/images/ram/ram.jpg,G.Skill,Sniper X 16 GB,869.73,2666,2,8,14.254,19
608dd5ff905ec60bdc06a593,/images/ram/ram.jpg,Team,T-Force Delta RGB 32 GB,869.19,3200,2,16,10,16
608dd5ff905ec60bdc06a594,/images/ram/ram.jpg,Corsair,Vengeance RGB Pro SL 32 GB,869.14,3200,2,16,10,16
608dd5ff905ec60bdc06a595,/images/ram/ram.jpg,Kingston,HyperX Fury RGB 32 GB,869.14,3733,2,16,10.179,19
608dd5ff905ec60bdc06a596,/images/ram/ram.jpg,Kingston,HyperX Fury 32 GB,868.60,3200,4,8,10,16
608dd5ff905ec60bdc06a597,/images/ram/ram.jpg,Kingston,KTH-PL426/32G 32 GB,866.41,2666,1,32,14.254,19
608dd5ff905ec60bdc06a598,/images/ram/ram.jpg,Kingston,KSM29RD4/32MEI 32 GB,860.68,2933,1,32,14.32,21
608dd5ff905ec60bdc06a599,/images/ram/ram.jpg,Corsair,Vengeance LPX 32 GB,859.95,3000,2,16,10.667,16
608dd5ff905ec60bdc06a600,/images/ram/ram.jpg,Corsair,ValueSelect 32 GB,859.45,2666,1,32,13.503,18
608dd5ff905ec60bdc06a601,/images/ram/ram.jpg,G.Skill,Ripjaws V 32 GB,859.45,3000,2,16,10.667,16
608dd5ff905ec60bdc06a602,/images/ram/ram.jpg,Kingston,HyperX Fury 32 GB,854.95,3200,2,16,10,16
608dd5ff905ec60bdc06a603,/images/ram/ram.jpg,G.Skill,Ripjaws V Series 32 GB,854.90,2666,2,16,11.253,15
608dd5ff905ec60bdc06a604,/images/ram/ram.jpg,Kingston,HyperX Fury RGB 32 GB,854.90,3200,2,16,10,16
608dd5ff905ec60bdc06a605,/images/ram/ram.jpg,Corsair,Vengeance LPX 32 GB,852.35,2933,4,8,10.91,16
608dd5ff905ec60bdc06a606,/images/ram/ram.jpg,Corsair,Vengeance LPX 32 GB,850.90,2666,4,8,12.003,16
608dd5ff905ec60bdc06a607,/images/ram/ram.jpg,Kingston,HyperX Fury 16 GB,846.25,3000,2,8,10,15
608dd5ff905ec60bdc06a608,/images/ram/ram.jpg,Crucial,Ballistix MAX RGB 16 GB,845.80,4000,2,8,9,18
608dd5ff905ec60bdc06a609,/images/ram/ram.jpg,G.Skill,Trident Z Royal 16 GB,845.80,4000,2,8,9,18
608dd5ff905ec60bdc06a610,/images/ram/ram.jpg,Corsair,Vengeance LPX 32 GB,841.30,3000,1,32,10.667,16
608dd5ff905ec60bdc06a611,/images/ram/ram.jpg,Corsair,Vengeance RGB Pro 32 GB,837.29,3600,2,16,10,18
608dd5ff905ec60bdc06a612,/images/ram/ram.jpg,G.Skill,Flare X 32 GB,836.70,3200,4,8,10,16
608dd5ff905ec60bdc06a613,/images/ram/ram.jpg,Crucial,Ballistix Tactical 16 GB,830.24,2666,2,8,12.003,16
608dd5ff905ec60bdc06a614,/images/ram/ram.jpg,Crucial,Ballistix RGB 32 GB,830.10,3000,2,16,10,15
608dd5ff905ec60bdc06a615,/images/ram/ram.jpg,ADATA,XPG GAMMIX D30 16 GB,829.97,3600,2,8,9.444,17
608dd5ff905ec60bdc06a616,/images/ram/ram.jpg,Corsair,Vengeance LPX 32 GB,827.65,2666,1,32,12.003,16
608dd5ff905ec60bdc06a617,/images/ram/ram.jpg,G.Skill,Trident Z RGB 16 GB,827.60,4133,2,8,9.194,19
608dd5ff905ec60bdc06a618,/images/ram/ram.jpg,G.Skill,Trident Z 32 GB,827.60,3200,2,16,10,16
608dd5ff905ec60bdc06a619,/images/ram/ram.jpg,Kingston,HyperX Fury 32 GB,826.92,3600,2,16,10,18
608dd5ff905ec60bdc06a620,/images/ram/ram.jpg,Corsair,Vengeance RGB 16 GB,824.78,3200,2,8,10,16
608dd5ff905ec60bdc06a621,/images/ram/ram.jpg,Corsair,Vengeance RGB 16 GB,824.19,2933,2,8,10.91,16
608dd5ff905ec60bdc06a622,/images/ram/ram.jpg,Kingston,HyperX Predator 32 GB,823.64,3200,2,16,10,16
608dd5ff905ec60bdc06a623,/images/ram/ram.jpg,G.Skill,Ripjaws Series 32 GB,823.05,2666,4,8,11.253,15
608dd5ff905ec60bdc06a624,/images/ram/ram.jpg,G.Skill,Aegis 32 GB,822.55,2666,2,16,14.254,19
608dd5ff905ec60bdc06a625,/images/ram/ram.jpg,Samsung,M393A4K40CB2-CTD 32 GB,821.23,2666,1,32,14.254,19
608dd5ff905ec60bdc06a626,/images/ram/ram.jpg,Corsair,Vengeance LPX 32 GB,819.18,3000,4,8,10.667,16
608dd5ff905ec60bdc06a627,/images/ram/ram.jpg,Corsair,Vengeance RGB Pro 32 GB,819.09,3200,2,16,10,16
608dd5ff905ec60bdc06a628,/images/ram/ram.jpg,Corsair,Vengeance RGB Pro 32 GB,818.95,2933,4,8,10.91,16
608dd5ff905ec60bdc06a629,/images/ram/ram.jpg,Kingston,HyperX Fury RGB 32 GB,818.55,2666,2,16,12.003,16
608dd5ff905ec60bdc06a630,/images/ram/ram.jpg,G.Skill,Trident Z RGB 16 GB,817.18,2933,2,8,10.91,16
608dd5ff905ec60bdc06a631,/images/ram/ram.jpg,Team,T-Force Delta RGB 32 GB,808.13,3000,2,16,10.667,16
608dd5ff905ec60bdc06a632,/images/ram/ram.jpg,PNY,XLR8 32 GB,806.72,3200,2,16,10,16
608dd5ff905ec60bdc06a633,/images/ram/ram.jpg,Kingston,HyperX Fury 32 GB,800.89,3000,2,16,10.667,16
608dd5ff905ec60bdc06a634,/images/ram/ram.jpg,Kingston,HyperX Predator 32 GB,800.35,3000,2,16,10,15
608dd5ff905ec60bdc06a635,/images/ram/ram.jpg,G.Skill,Trident Z 16 GB,800.30,4266,2,8,8.908,19
608dd5ff905ec60bdc06a636,/images/ram/ram.jpg,G.Skill,Ripjaws V 32 GB,800.12,3600,2,16,10.556,19
608dd5ff905ec60bdc06a637,/images/ram/ram.jpg,Patriot,Viper Steel 32 GB,797.84,3200,2,16,10,16
608dd5ff905ec60bdc06a638,/images/ram/ram.jpg,Team,T-FORCE VULCAN Z 16 GB,796.20,3000,1,16,10.667,16
608dd5ff905ec60bdc06a639,/images/ram/ram.jpg,Patriot,Viper Steel 32 GB,796.20,3000,2,16,10.667,16
608dd5ff905ec60bdc06a640,/images/ram/ram.jpg,Patriot,Viper 4 32 GB,795.80,3200,2,16,10,16
608dd5ff905ec60bdc06a641,/images/ram/ram.jpg,Kingston,KTD-PE426/32G 32 GB,795.61,2666,1,32,14.254,19
608dd5ff905ec60bdc06a642,/images/ram/ram.jpg,Kingston,Server Premier 32 GB,795.48,2666,1,32,14.254,19
608dd5ff905ec60bdc06a643,/images/ram/ram.jpg,Team,T-FORCE VULCAN Z 32 GB,790.79,3200,2,16,10,16
608dd5ff905ec60bdc06a644,/images/ram/ram.jpg,Team,T-Force XTREEM ARGB 16 GB,789.20,4000,2,8,9,18
608dd5ff905ec60bdc06a645,/images/ram/ram.jpg,Gigabyte,AORUS RGB 16 GB,787.24,4400,2,8,9.091,20
608dd5ff905ec60bdc06a646,/images/ram/ram.jpg,Thermaltake,TOUGHRAM 16 GB,786.65,4400,2,8,8.636,19
608dd5ff905ec60bdc06a647,/images/ram/ram.jpg,Team,T-Force Delta RGB 16 GB,777.50,3000,2,8,10.667,16
608dd5ff905ec60bdc06a648,/images/ram/ram.jpg,Crucial,Ballistix 32 GB,773.59,3200,2,16,10,16
608dd5ff905ec60bdc06a649,/images/ram/ram.jpg,Corsair,Vengeance LPX 32 GB,773.05,2666,2,16,12.003,16
608dd5ff905ec60bdc06a650,/images/ram/ram.jpg,Mushkin,Enhanced Redline 32 GB,773.00,2800,2,16,12.143,17
608dd5ff905ec60bdc06a651,/images/ram/ram.jpg,Kingston,HyperX Fury 32 GB,769.04,2666,4,8,12.003,16
608dd5ff905ec60bdc06a652,/images/ram/ram.jpg,Crucial,CT2K16G4DFRA32A 32 GB,763.90,3200,2,16,13.75,22
608dd5ff905ec60bdc06a653,/images/ram/ram.jpg,Patriot,Viper Elite 32 GB,759.80,2666,2,16,12.003,16
608dd5ff905ec60bdc06a654,/images/ram/ram.jpg,G.Skill,Aegis 32 GB,759.49,3200,4,8,10,16
608dd5ff905ec60bdc06a655,/images/ram/ram.jpg,Thermaltake,TOUGHPOWER 16 GB,759.35,4400,2,8,8.636,19
608dd5ff905ec60bdc06a656,/images/ram/ram.jpg,Team,T-Force DARK 8 GB,757.62,3000,2,4,10.667,16
608dd5ff905ec60bdc06a657,/images/ram/ram.jpg,Crucial,Ballistix Sport AT 16 GB,754.80,2666,1,16,12.003,16
608dd5ff905ec60bdc06a658,/images/ram/ram.jpg,Thermaltake,TOUGHRAM RGB 16 GB,750.30,4400,2,8,8.636,19
608dd5ff905ec60bdc06a659,/images/ram/ram.jpg,Klevv,BOLT X 32 GB,745.70,3200,2,16,10,16
608dd5ff905ec60bdc06a660,/images/ram/ram.jpg,Team,T-Force Dark Pro 8 GB,743.15,3200,2,4,10,16
608dd5ff905ec60bdc06a661,/images/ram/ram.jpg,G.Skill,Aegis 32 GB,741.65,3200,2,16,10,16
608dd5ff905ec60bdc06a662,/images/ram/ram.jpg,G.Skill,Ripjaws V 32 GB,740.47,3200,1,32,10,16
608dd5ff905ec60bdc06a663,/images/ram/ram.jpg,Patriot,Viper LED 16 GB,737.05,2666,2,8,11.253,15
608dd5ff905ec60bdc06a664,/images/ram/ram.jpg,Samsung,M393A2K40CB2-CVF 16 GB,733.60,2933,1,16,14.32,21
608dd5ff905ec60bdc06a665,/images/ram/ram.jpg,G.Skill,Trident Z RGB 16 GB,732.55,3466,2,8,9.233,16
608dd5ff905ec60bdc06a666,/images/ram/ram.jpg,G.Skill,Ripjaws V Series 32 GB,731.87,3200,2,16,10,16
608dd5ff905ec60bdc06a667,/images/ram/ram.jpg,Team,Vulcan 16 GB,724.18,3000,2,8,10,15
608dd5ff905ec60bdc06a668,/images/ram/ram.jpg,Crucial,CT2K16G4DFD832A 32 GB,723.00,3200,2,16,13.75,22
608dd5ff905ec60bdc06a669,/images/ram/ram.jpg,Team,T-Force Dark Pro 8 GB,720.63,3000,2,4,10,15
608dd5ff905ec60bdc06a670,/images/ram/ram.jpg,G.Skill,Ripjaws V 16 GB,719.76,3200,2,8,10,16
608dd5ff905ec60bdc06a671,/images/ram/ram.jpg,Team,Dark 16 GB,719.49,3000,2,8,10.667,16
608dd5ff905ec60bdc06a672,/images/ram/ram.jpg,G.Skill,Trident Z 16 GB,719.08,4000,2,8,9,18
608dd5ff905ec60bdc06a673,/images/ram/ram.jpg,G.Skill,Trident Z 16 GB,718.49,4133,2,8,9.194,19
608dd5ff905ec60bdc06a674,/images/ram/ram.jpg,ADATA,XPG SPECTRIX D80 16 GB,715.03,3600,2,8,9.444,17
608dd5ff905ec60bdc06a675,/images/ram/ram.jpg,G.Skill,Trident Z 16 GB,713.49,3600,2,8,8.889,16
608dd5ff905ec60bdc06a676,/images/ram/ram.jpg,Patriot,Viper 16 GB,712.44,3400,2,8,9.412,16
608dd5ff905ec60bdc06a677,/images/ram/ram.jpg,Corsair,Vengeance RGB 16 GB,709.94,3000,2,8,10,15
608dd5ff905ec60bdc06a678,/images/ram/ram.jpg,Crucial,Ballistix MAX 16 GB,709.30,4000,2,8,9,18
608dd5ff905ec60bdc06a679,/images/ram/ram.jpg,G.Skill,Aegis 32 GB,708.30,3000,2,16,10.667,16
608dd5ff905ec60bdc06a680,/images/ram/ram.jpg,ADATA,XPG SPECTRIX D60G 16 GB,707.75,3600,2,8,9.444,17
608dd5ff905ec60bdc06a681,/images/ram/ram.jpg,Corsair,Vengeance LPX 16 GB,705.20,4000,2,8,9.5,19
608dd5ff905ec60bdc06a682,/images/ram/ram.jpg,Corsair,Dominator Platinum RGB 16 GB,700.25,3600,2,8,10,18
608dd5ff905ec60bdc06a683,/images/ram/ram.jpg,Corsair,Vengeance RGB Pro 16 GB,700.25,4000,2,8,9.5,19
608dd5ff905ec60bdc06a684,/images/ram/ram.jpg,Crucial,CT8G4RFD8266 8 GB,699.88,2666,1,8,14.254,19
608dd5ff905ec60bdc06a685,/images/ram/ram.jpg,Crucial,Ballistix 32 GB,691.55,3000,2,16,10,15
608dd5ff905ec60bdc06a686,/images/ram/ram.jpg,Corsair,Vengeance LPX 8 GB,683.91,3600,2,4,10,18
608dd5ff905ec60bdc06a687,/images/ram/ram.jpg,Corsair,Dominator Platinum 16 GB,682.05,3000,2,8,10,15
608dd5ff905ec60bdc06a688,/images/ram/ram.jpg,Thermaltake,TOUGHRAM RGB 16 GB,682.00,4000,2,8,9.5,19
608dd5ff905ec60bdc06a689,/images/ram/ram.jpg,Team,T-Force XTREEM ARGB 16 GB,681.36,3600,2,8,10,18
608dd5ff905ec60bdc06a690,/images/ram/ram.jpg,G.Skill,Trident Z RGB 16 GB,677.50,4000,2,8,9,18
608dd5ff905ec60bdc06a691,/images/ram/ram.jpg,Crucial,CT32G4DFD8266 32 GB,672.90,2666,1,32,14.254,19
608dd5ff905ec60bdc06a692,/images/ram/ram.jpg,Thermaltake,TOUGHRAM RC 16 GB,668.35,4000,2,8,9.5,19
608dd5ff905ec60bdc06a693,/images/ram/ram.jpg,G.Skill,Trident Z Royal 16 GB,668.17,3000,2,8,10.667,16
608dd5ff905ec60bdc06a694,/images/ram/ram.jpg,G.Skill,Ripjaws V 32 GB,667.94,2666,1,32,13.503,18
608dd5ff905ec60bdc06a695,/images/ram/ram.jpg,G.Skill,Trident Z Royal 16 GB,663.85,3200,2,8,10,16
608dd5ff905ec60bdc06a696,/images/ram/ram.jpg,Team,T-Force / Night Hawk 16 GB,662.03,3200,2,8,10,16
608dd5ff905ec60bdc06a697,/images/ram/ram.jpg,Crucial,Ballistix Elite 16 GB,659.75,3600,2,8,8.889,16
608dd5ff905ec60bdc06a698,/images/ram/ram.jpg,Patriot,Viper RGB 16 GB,659.25,4133,2,8,9.194,19
608dd5ff905ec60bdc06a699,/images/ram/ram.jpg,Team,T-Force XTREEM ARGB 16 GB,656.11,3200,2,8,10,16
608dd5ff905ec60bdc06a700,/images/ram/ram.jpg,Crucial,Ballistix 32 GB,655.61,2666,2,16,12.003,16
608dd5ff905ec60bdc06a701,/images/ram/ram.jpg,Team,T-FORCE DELTA TUF Gaming 16 GB,651.79,3200,2,8,10,16
608dd5ff905ec60bdc06a702,/images/ram/ram.jpg,Patriot,Viper Steel 16 GB,645.65,4400,2,8,8.636,19
608dd5ff905ec60bdc06a703,/images/ram/ram.jpg,Thermaltake,TOUGHRAM 16 GB,645.60,4000,2,8,9.5,19
608dd5ff905ec60bdc06a704,/images/ram/ram.jpg,Gigabyte,AORUS RGB 16 GB,641.10,3600,2,8,10,18
608dd5ff905ec60bdc06a705,/images/ram/ram.jpg,Corsair,Dominator Platinum RGB 16 GB,640.69,3200,2,8,10,16
608dd5ff905ec60bdc06a706,/images/ram/ram.jpg,G.Skill,Trident Z 16 GB,636.95,3000,2,8,10,15
608dd5ff905ec60bdc06a707,/images/ram/ram.jpg,G.Skill,Flare X Series 16 GB,636.55,3200,2,8,8.75,14
608dd5ff905ec60bdc06a708,/images/ram/ram.jpg,G.Skill,Trident Z Royal 16 GB,632.45,3600,2,8,10,18
608dd5ff905ec60bdc06a709,/images/ram/ram.jpg,Thermaltake,TOUGHPOWER 16 GB,631.95,4000,2,8,9.5,19
608dd5ff905ec60bdc06a710,/images/ram/ram.jpg,ADATA,XPG SPECTRIX D41 16 GB,618.35,3600,2,8,9.444,17
608dd5ff905ec60bdc06a711,/images/ram/ram.jpg,Team,T-Force / Night Hawk 16 GB,618.30,3000,2,8,10.667,16
608dd5ff905ec60bdc06a712,/images/ram/ram.jpg,Team,T-Force Night Hawk 16 GB,615.98,3600,2,8,10,18
608dd5ff905ec60bdc06a713,/images/ram/ram.jpg,Kingston,KSM26ED8/16ME 16 GB,615.34,2666,1,16,14.254,19
608dd5ff905ec60bdc06a714,/images/ram/ram.jpg,Corsair,Dominator Platinum RGB 16 GB,614.20,3000,2,8,10,15
608dd5ff905ec60bdc06a715,/images/ram/ram.jpg,Team,T-FORCE DARK Za 16 GB,613.57,4000,2,8,9,18
608dd5ff905ec60bdc06a716,/images/ram/ram.jpg,G.Skill,Ripjaws V Series 16 GB,608.47,3600,2,8,9.444,17
608dd5ff905ec60bdc06a717,/images/ram/ram.jpg,Patriot,Viper RGB 16 GB,601.19,3600,2,8,9.444,17
608dd5ff905ec60bdc06a718,/images/ram/ram.jpg,ADATA,XPG GAMMIX D10 16 GB,594.87,3000,2,8,10.667,16
608dd5ff905ec60bdc06a719,/images/ram/ram.jpg,Team,T-Force Vulcan 16 GB,594.50,3200,2,8,10,16
608dd5ff905ec60bdc06a720,/images/ram/ram.jpg,ADATA,XPG SPECTRIX D80 16 GB,592.32,3000,2,8,10.667,16
608dd5ff905ec60bdc06a721,/images/ram/ram.jpg,Crucial,CT32G4DFD832A 32 GB,591.09,3200,1,32,13.75,22
608dd5ff905ec60bdc06a722,/images/ram/ram.jpg,Patriot,Viper Steel 16 GB,590.95,4133,2,8,9.194,19
608dd5ff905ec60bdc06a723,/images/ram/ram.jpg,Crucial,CT2K8G4DFS832A 16 GB,587.45,3200,2,8,13.75,22
608dd5ff905ec60bdc06a724,/images/ram/ram.jpg,Thermaltake,TOUGHRAM 16 GB,586.45,3600,2,8,10,18
608dd5ff905ec60bdc06a725,/images/ram/ram.jpg,Team,T-Force Delta RGB 16 GB,579.53,3200,2,8,10,16
608dd5ff905ec60bdc06a726,/images/ram/ram.jpg,Corsair,Dominator Platinum 16 GB,576.58,3200,2,8,10,16
608dd5ff905ec60bdc06a727,/images/ram/ram.jpg,Thermaltake,TOUGHRAM RGB 16 GB,572.75,3200,2,8,10,16
608dd5ff905ec60bdc06a728,/images/ram/ram.jpg,Corsair,Vengeance LED 16 GB,568.70,2666,2,8,12.003,16
608dd5ff905ec60bdc06a729,/images/ram/ram.jpg,Thermaltake,TOUGHRAM RGB 16 GB,568.30,3600,2,8,10,18
608dd5ff905ec60bdc06a730,/images/ram/ram.jpg,G.Skill,Ripjaws V Series 16 GB,561.70,3333,2,8,9.601,16
608dd5ff905ec60bdc06a731,/images/ram/ram.jpg,Kingston,HyperX Predator RGB 16 GB,559.20,3600,2,8,9.444,17
608dd5ff905ec60bdc06a732,/images/ram/ram.jpg,G.Skill,Trident Z RGB 16 GB,554.60,2666,2,8,13.503,18
608dd5ff905ec60bdc06a733,/images/ram/ram.jpg,Thermaltake,TOUGHRAM 16 GB,554.60,3200,2,8,10,16
608dd5ff905ec60bdc06a734,/images/ram/ram.jpg,Team,T-FORCE DARK Za 16 GB,553.74,3200,2,8,10,16
608dd5ff905ec60bdc06a735,/images/ram/ram.jpg,ADATA,XPG GAMMIX D10 16 GB,553.60,2666,1,16,12.003,16
608dd5ff905ec60bdc06a736,/images/ram/ram.jpg,Patriot,Viper 4 16 GB,553.05,3400,2,8,9.412,16
608dd5ff905ec60bdc06a737,/images/ram/ram.jpg,Patriot,Viper 4 Blackout 16 GB,545.95,4000,2,8,9.5,19
608dd5ff905ec60bdc06a738,/images/ram/ram.jpg,G.Skill,Trident Z Neo 16 GB,545.55,3600,2,8,10,18
608dd5ff905ec60bdc06a739,/images/ram/ram.jpg,G.Skill,Ripjaws 4 Series 16 GB,545.04,3000,2,8,10,15
608dd5ff905ec60bdc06a740,/images/ram/ram.jpg,Gigabyte,GP-GR26C16S8K2HU416 16 GB,544.82,2666,2,8,12.003,16
608dd5ff905ec60bdc06a741,/images/ram/ram.jpg,Patriot,Viper RGB 16 GB,542.95,3000,2,8,10,15
608dd5ff905ec60bdc06a742,/images/ram/ram.jpg,ADATA,XPG SPECTRIX D50 16 GB,541.54,4133,2,8,9.194,19
608dd5ff905ec60bdc06a743,/images/ram/ram.jpg,G.Skill,Trident Z RGB 16 GB,540.95,3200,2,8,10,16
608dd5ff905ec60bdc06a744,/images/ram/ram.jpg,Corsair,Vengeance RGB 16 GB,540.22,3333,2,8,9.601,16
608dd5ff905ec60bdc06a745,/images/ram/ram.jpg,Kingston,HyperX Fury RGB 16 GB,536.45,3733,2,8,10.179,19
608dd5ff905ec60bdc06a746,/images/ram/ram.jpg,G.Skill,Trident Z RGB 16 GB,536.40,3600,2,8,10,18
608dd5ff905ec60bdc06a747,/images/ram/ram.jpg,Patriot,Viper Steel 16 GB,534.99,4000,2,8,9.5,19
608dd5ff905ec60bdc06a748,/images/ram/ram.jpg,ADATA,XPG SPECTRIX D60G 16 GB,534.53,3000,2,8,10.667,16
608dd5ff905ec60bdc06a749,/images/ram/ram.jpg,Team,T-FORCE VULCAN Z 16 GB,534.44,2666,2,8,13.503,18
608dd5ff905ec60bdc06a750,/images/ram/ram.jpg,Crucial,CT16G4RFD4266 16 GB,533.94,2666,1,16,14.254,19
608dd5ff905ec60bdc06a751,/images/ram/ram.jpg,ADATA,XPG GAMMIX D30 16 GB,533.40,3200,2,8,10,16
608dd5ff905ec60bdc06a752,/images/ram/ram.jpg,G.Skill,Trident Z Neo 16 GB,533.08,3200,2,8,10,16
608dd5ff905ec60bdc06a753,/images/ram/ram.jpg,Thermaltake,TOUGHPOWER Z-ONE RGB 16 GB,531.90,3200,2,8,10,16
608dd5ff905ec60bdc06a754,/images/ram/ram.jpg,Patriot,Viper RGB 16 GB,531.21,2666,2,8,11.253,15
608dd5ff905ec60bdc06a755,/images/ram/ram.jpg,G.Skill,Trident Z Neo 16 GB,529.71,3000,2,8,10.667,16
608dd5ff905ec60bdc06a756,/images/ram/ram.jpg,ADATA,XPG GAMMIX D10 16 GB,524.52,3200,2,8,10,16
608dd5ff905ec60bdc06a757,/images/ram/ram.jpg,Corsair,Vengeance RGB 16 GB,523.20,2666,2,8,12.003,16
608dd5ff905ec60bdc06a758,/images/ram/ram.jpg,Corsair,Vengeance RGB Pro 16 GB,522.75,2666,2,8,12.003,16
608dd5ff905ec60bdc06a759,/images/ram/ram.jpg,ADATA,XPG SPECTRIX D50 16 GB,520.02,3200,2,8,10,16
608dd5ff905ec60bdc06a760,/images/ram/ram.jpg,Kingston,HyperX Predator RGB 16 GB,518.25,3000,2,8,10,15
608dd5ff905ec60bdc06a761,/images/ram/ram.jpg,G.Skill,Ripjaws V 16 GB,518.25,4000,2,8,9,18
608dd5ff905ec60bdc06a762,/images/ram/ram.jpg,Team,Night Hawk RGB 16 GB,517.84,3000,2,8,10.667,16
608dd5ff905ec60bdc06a763,/images/ram/ram.jpg,Team,Night Hawk RGB 16 GB,517.79,3200,2,8,10,16
608dd5ff905ec60bdc06a764,/images/ram/ram.jpg,Corsair,Vengeance LPX 8 GB,514.15,2800,2,4,11.429,16
608dd5ff905ec60bdc06a765,/images/ram/ram.jpg,Corsair,Vengeance RGB Pro 16 GB,513.70,3600,1,16,10,18
608dd5ff905ec60bdc06a766,/images/ram/ram.jpg,G.Skill,Trident Z RGB 16 GB,513.65,3000,2,8,10.667,16
608dd5ff905ec60bdc06a767,/images/ram/ram.jpg,ADATA,XPG SPECTRIX D41 16 GB,509.42,2666,2,8,12.003,16
608dd5ff905ec60bdc06a768,/images/ram/ram.jpg,Kingston,HyperX Predator RGB 16 GB,509.15,2933,2,8,10.228,15
608dd5ff905ec60bdc06a769,/images/ram/ram.jpg,Corsair,Vengeance RGB Pro 16 GB,509.10,3600,2,8,10,18
608dd5ff905ec60bdc06a770,/images/ram/ram.jpg,Kingston,HyperX Fury RGB 16 GB,504.60,3466,2,8,9.233,16
608dd5ff905ec60bdc06a771,/images/ram/ram.jpg,Kingston,KCS-UC426/16G 16 GB,504.28,2666,1,16,14.254,19
608dd5ff905ec60bdc06a772,/images/ram/ram.jpg,ADATA,XPG SPECTRIX D50 16 GB,501.27,3600,2,8,10,18
608dd5ff905ec60bdc06a773,/images/ram/ram.jpg,Patriot,Viper LED 8 GB,500.77,3000,2,4,10,15
608dd5ff905ec60bdc06a774,/images/ram/ram.jpg,Corsair,Vengeance RGB Pro 16 GB,500.55,2933,2,8,10.91,16
608dd5ff905ec60bdc06a775,/images/ram/ram.jpg,Kingston,HyperX Fury RGB 16 GB,500.05,3600,2,8,9.444,17
608dd5ff905ec60bdc06a776,/images/ram/ram.jpg,Thermaltake,TOUGHPOWER 16 GB,500.00,3200,2,8,10,16
608dd5ff905ec60bdc06a777,/images/ram/ram.jpg,Corsair,Vengeance RGB Pro 16 GB,496.63,3000,2,8,10,15
608dd5ff905ec60bdc06a778,/images/ram/ram.jpg,Kingston,KSM26RS8/16MEI 16 GB,493.90,2666,1,16,14.254,19
608dd5ff905ec60bdc06a779,/images/ram/ram.jpg,Crucial,Ballistix Sport AT 8 GB,493.08,3000,1,8,11.333,17
608dd5ff905ec60bdc06a780,/images/ram/ram.jpg,Crucial,Ballistix Sport LT 16 GB,491.95,3000,2,8,10,15
608dd5ff905ec60bdc06a781,/images/ram/ram.jpg,Kingston,HyperX Predator RGB 16 GB,491.49,3200,2,8,10,16
608dd5ff905ec60bdc06a782,/images/ram/ram.jpg,Patriot,Viper RGB 16 GB,491.35,3200,2,8,10,16
608dd5ff905ec60bdc06a783,/images/ram/ram.jpg,Kingston,KTH-PL426D8/16G 16 GB,489.49,2666,1,16,14.254,19
608dd5ff905ec60bdc06a784,/images/ram/ram.jpg,ADATA,XPG SPECTRIX D41 16 GB,486.40,3200,2,8,10,16
608dd5ff905ec60bdc06a785,/images/ram/ram.jpg,Corsair,Vengeance RGB Pro 16 GB,486.40,3200,2,8,10,16
608dd5ff905ec60bdc06a786,/images/ram/ram.jpg,Kingston,HyperX Predator RGB 16 GB,482.39,3200,1,16,10,16
608dd5ff905ec60bdc06a787,/images/ram/ram.jpg,Patriot,Viper Steel 16 GB,481.62,3600,2,8,9.444,17
608dd5ff905ec60bdc06a788,/images/ram/ram.jpg,Kingston,HyperX Predator RGB 8 GB,480.57,4000,1,8,9.5,19
608dd5ff905ec60bdc06a789,/images/ram/ram.jpg,G.Skill,Sniper X 16 GB,480.57,3600,2,8,10.556,19
608dd5ff905ec60bdc06a790,/images/ram/ram.jpg,Kingston,Savage 8 GB,479.75,2666,2,4,9.752,13
608dd5ff905ec60bdc06a791,/images/ram/ram.jpg,G.Skill,Sniper X 16 GB,477.52,3200,2,8,10,16
608dd5ff905ec60bdc06a792,/images/ram/ram.jpg,Thermaltake,TOUGHPOWER Z-ONE RGB 16 GB,474.06,3600,2,8,10,18
608dd5ff905ec60bdc06a793,/images/ram/ram.jpg,Corsair,Vengeance RGB Pro SL 16 GB,473.29,3600,2,8,10,18
608dd5ff905ec60bdc06a794,/images/ram/ram.jpg,Patriot,Viper Steel 16 GB,472.52,3733,2,8,9.108,17
608dd5ff905ec60bdc06a795,/images/ram/ram.jpg,Crucial,Ballistix RGB 16 GB,471.93,3600,2,8,8.889,16
608dd5ff905ec60bdc06a796,/images/ram/ram.jpg,Kingston,HyperX Fury RGB 16 GB,468.20,3000,2,8,10,15
608dd5ff905ec60bdc06a797,/images/ram/ram.jpg,Kingston,HyperX Predator RGB 16 GB,468.20,3000,1,16,10,15
608dd5ff905ec60bdc06a798,/images/ram/ram.jpg,G.Skill,Flare X 16 GB,465.65,3200,2,8,10,16
608dd5ff905ec60bdc06a799,/images/ram/ram.jpg,PNY,XLR8 16 GB,464.74,2666,2,8,12.003,16
608dd5ff905ec60bdc06a800,/images/ram/ram.jpg,Samsung,M393A2K40CB2-CTD 16 GB,461.96,2666,1,16,14.254,19
608dd5ff905ec60bdc06a801,/images/ram/ram.jpg,Patriot,Viper 4 Blackout 16 GB,459.37,3600,2,8,9.444,17
608dd5ff905ec60bdc06a802,/images/ram/ram.jpg,Patriot,Viper 4 16 GB,457.50,3733,2,8,9.108,17
608dd5ff905ec60bdc06a803,/images/ram/ram.jpg,G.Skill,Trident Z 16 GB,457.18,3200,2,8,10,16
608dd5ff905ec60bdc06a804,/images/ram/ram.jpg,Kingston,HyperX Fury RGB 16 GB,455.77,3200,2,8,10,16
608dd5ff905ec60bdc06a805,/images/ram/ram.jpg,Corsair,Vengeance RGB Pro SL 16 GB,455.09,3200,2,8,10,16