_id,image,brand,name,price,powerSupplyStandard,maxMotherboardSize,type,sidePanelWindow
608dd450905ec60bdc069867,/images/case/2a12e26b0d40f8f192731719744b40e6.256p.jpg,Cooler Master,Elite 110,383.52,ATX,Mini ITX,Mini ITX Tower,None
608dd450905ec60bdc069868,/images/case/f23d251fb57394eedf211f122d84e934.256p.jpg,Cooler Master,Elite 130,317.09,ATX,Mini ITX,Mini ITX Tower,None
608dd450905ec60bdc069869,/images/case/31NUzsYkeiL.jpg,Fractal Design,Node 304,409.00,ATX,Mini ITX,Mini ITX Tower,None
608dd450905ec60bdc069870,/images/case/51tW%2B9UdanL.jpg,Lian Li,PC-Q08,404.50,ATX,Mini ITX,Mini ITX Tower,None
608dd450905ec60bdc069871,/images/case/41TeYuoVuQL.jpg,Lian Li,PC-Q21,565.57,ATX,Mini ITX,Mini ITX Tower,None
608dd450905ec60bdc069872,/images/case/367be05aef18111cd06b583fc2791bf8.256p.jpg,Lian Li,PC-Q30,455.73,ATX,Mini ITX,Mini ITX Tower,None
608dd450905ec60bdc069873,/images/case/no-image.png,Lian Li,PC-Q36W,1025.57,ATX,Mini ITX,Mini ITX Tower,None
608dd450905ec60bdc069874,/images/case/782897506350a2770440ce97833ec278.256p.jpg,Lian Li,PC-Q37,1164.30,ATX,Mini ITX,Mini ITX Tower,Tempered Glass
608dd450905ec60bdc069875,/images/case/a0e20e35ff970070cfce9521b91a7e8b.256p.jpg,NZXT,H200i,1179.22,ATX,Mini ITX,Mini ITX Tower,Tempered Glass
608dd450905ec60bdc069876,/images/case/69bf3205b1804a5dd7c0f83668701455.256p.jpg,NZXT,H210,399.49,ATX,Mini ITX,Mini ITX Tower,Tempered Glass
608dd450905ec60bdc069877,/images/case/ba3d60ecf21a78b7ac0a454ddba1a800.256p.jpg,NZXT,H210i,513.70,ATX,Mini ITX,Mini ITX Tower,Tempered Glass
608dd450905ec60bdc069878,/images/case/31eh4q1zh%2BL.jpg,Phanteks,Enthoo EVOLV ITX,376.42,ATX,Mini ITX,Mini ITX Tower,Acrylic
608dd450905ec60bdc069879,/images/case/83c1a9cc24e7f2f804670772d5d966b4.256p.jpg,Phanteks,Enthoo EVOLV SHIFT,1281.42,ATX,Mini ITX,Mini ITX Tower,Tinted Tempered Glass
608dd450905ec60bdc069880,/images/case/876bebfce9eb67ee26a36c96da9540d0.256p.jpg,Phanteks,Enthoo EVOLV SHIFT X,793.02,ATX,Mini ITX,Mini ITX Tower,Tinted Tempered Glass
608dd450905ec60bdc069881,/images/case/36c07af143861b556df3e297914c711c.256p.jpg,Phanteks,Evolv Shift 2,527.25,ATX,Mini ITX,Mini ITX Tower,Tempered Glass
608dd450905ec60bdc069882,/images/case/41A4g7eNmSL.jpg,Thermaltake,Core P1,588.82,ATX,Mini ITX,Mini ITX Tower,Tempered Glass
608dd450905ec60bdc069883,/images/case/a7371493c0aec17548f709931cf322c0.256p.jpg,Thermaltake,The Tower 100,486.35,ATX,Mini ITX,Mini ITX Tower,Tempered Glass
608dd450905ec60bdc069884,/images/case/c288525ed92a1315db421d4d6d82e7a4.256p.jpg,Cooler Master,MasterBox NR200,553.92,ATX,Mini ITX,Mini ITX Desktop,None
608dd450905ec60bdc069885,/images/case/c6dcbd6f46039f7196d18f2135a7c9ce.256p.jpg,Cooler Master,MasterBox NR200P,418.10,ATX,Mini ITX,Mini ITX Desktop,Tempered Glass
608dd450905ec60bdc069886,/images/case/886fe7bfff0e556c86d55cdbdd28f7ee.256p.jpg,Cooler Master,MasterCase H100,208.62,ATX,Mini ITX,Mini ITX Desktop,None
608dd450905ec60bdc069887,/images/case/66fe69a12efcd3b662b9e930a67a2fac.256p.jpg,Cooler Master,MasterCase H100 ARGB,271.00,ATX,Mini ITX,Mini ITX Desktop,None
608dd450905ec60bdc069888,/images/case/4b12e1f7058a7b16e715f1753251fe1c.256p.jpg,Fractal Design,Core 500,304.35,ATX,Mini ITX,Mini ITX Desktop,None
608dd450905ec60bdc069889,/images/case/234082e908429613e8f136add299adf6.256p.jpg,Fractal Design,Define Nano S,289.47,ATX,Mini ITX,Mini ITX Desktop,Acrylic
608dd450905ec60bdc069890,/images/case/60963229d18bcda90640982df46b122f.256p.jpg,Fractal Design,Era ITX,619.66,ATX,Mini ITX,Mini ITX Desktop,Tinted Tempered Glass
608dd450905ec60bdc069891,/images/case/31gVjtoSFNL.jpg,Lian Li,PC-Q09F,454.77,ATX,Mini ITX,Mini ITX Desktop,None
608dd450905ec60bdc069892,/images/case/a192d48fe56f83965f4cb085b9c94df6.256p.jpg,Lian Li,TU150,527.30,ATX,Mini ITX,Mini ITX Desktop,Tempered Glass
608dd450905ec60bdc069893,/images/case/e52e4ed394eaef5d2ccd90bceb55f512.256p.jpg,Phanteks,Enthoo EVOLV ITX TG,533.08,ATX,Mini ITX,Mini ITX Desktop,Tinted Tempered Glass
608dd450905ec60bdc069894,/images/case/3dfe59fc1cc8fb54032c0cd279a003ad.256p.jpg,Thermaltake,Core V1,203.84,ATX,Mini ITX,Mini ITX Desktop,None
608dd450905ec60bdc069895,/images/case/bf11a205d0eaa8242d9c1d3287d9dd8c.256p.jpg,Thermaltake,Suppressor F1,483.35,ATX,Mini ITX,Mini ITX Desktop,Acrylic
608dd450905ec60bdc069896,/images/case/d74f8747e8735ff22322143b5bb55dcf.256p.jpg,Cooler Master,MasterBox E300L,227.73,ATX,MircoATX,MicroATX Mini Tower,None
608dd450905ec60bdc069897,/images/case/a846f517618d84a8335e2f2f3c9b5639.256p.jpg,Cooler Master,MasterBox Lite 3,215.62,ATX,MircoATX,MicroATX Mini Tower,None
608dd450905ec60bdc069898,/images/case/9d521f573c8908b82c8b8c7a5aa81a30.256p.jpg,Cooler Master,MasterBox MB400L,311.99,ATX,MircoATX,MicroATX Mini Tower,Tempered Glass
608dd450905ec60bdc069899,/images/case/ec48e16ee4d6629045cfc4d71c649746.256p.jpg,Cooler Master,MasterBox Q300L,208.80,ATX,MircoATX,MicroATX Mini Tower,Acrylic
608dd450905ec60bdc069900,/images/case/d5515cc352c490650ff658bd3608857f.256p.jpg,Cooler Master,MasterBox Q300P,378.47,ATX,MircoATX,MicroATX Mini Tower,Acrylic
608dd450905ec60bdc069901,/images/case/795052b65a53fec67bbee8e88c6d8975.256p.jpg,Cooler Master,MasterCase Pro 3,406.18,ATX,MircoATX,MicroATX Mini Tower,Acrylic
608dd450905ec60bdc069902,/images/case/21bTajFpn%2BL.jpg,Cooler Master,N200,252.71,ATX,MircoATX,MicroATX Mini Tower,None
608dd450905ec60bdc069903,/images/case/249320d2dc2da6536c0c3b1c3d7a7e98.256p.jpg,Cooler Master,Silencio S400,390.80,ATX,MircoATX,MicroATX Mini Tower,None
608dd450905ec60bdc069904,/images/case/41Nj4uE5DvL.jpg,Fractal Design,Core 1100,212.85,ATX,MircoATX,MicroATX Mini Tower,None
608dd450905ec60bdc069905,/images/case/f4251340d913aa4214fc6f6e0767839c.256p.jpg,Fractal Design,Focus G Mini,250.20,ATX,MircoATX,MicroATX Mini Tower,Acrylic
608dd450905ec60bdc069906,/images/case/a77c3dc3732a3bd8f2d559cf7c03fb82.256p.jpg,Fractal Design,Meshify C Mini,422.70,ATX,MircoATX,MicroATX Mini Tower,Tinted Tempered Glass
608dd450905ec60bdc069907,/images/case/51jEYwNBxcL.jpg,Lian Li,PC-V600F,793.66,ATX,MircoATX,MicroATX Mini Tower,Acrylic
608dd450905ec60bdc069908,/images/case/4384559686f011ed36faa23353657c45.256p.jpg,Phanteks,Enthoo EVOLV,540.09,ATX,MircoATX,MicroATX Mini Tower,Acrylic
608dd450905ec60bdc069909,/images/case/ed58584e95b2c97c727cff9083618ede.256p.jpg,Phanteks,Enthoo EVOLV TG,591.05,ATX,MircoATX,MicroATX Mini Tower,Tinted Tempered Glass
608dd450905ec60bdc069910,/images/case/51H6LgbjeJL.jpg,Thermaltake,ARMOR A30i,359.86,ATX,MircoATX,MicroATX Mini Tower,Acrylic
608dd450905ec60bdc069911,/images/case/61FQn-R6fCL.jpg,Thermaltake,Core V21,304.76,ATX,MircoATX,MicroATX Mini Tower,Acrylic
608dd450905ec60bdc069912,/images/case/df69be2cf748fac40148cd6bcb32df16.256p.jpg,Thermaltake,S100,274.14,ATX,MircoATX,MicroATX Mini Tower,Tempered Glass
608dd450905ec60bdc069913,/images/case/61648b636fa64af0a730d0195031465f.256p.jpg,Thermaltake,S100 Snow Edition,313.27,ATX,MircoATX,MicroATX Mini Tower,Tempered Glass
608dd450905ec60bdc069914,/images/case/5eb6a5eba2d14cd9b669395f26d50249.256p.jpg,Thermaltake,Versa H17,285.06,ATX,MircoATX,MicroATX Mini Tower,None
608dd450905ec60bdc069915,/images/case/51uyiFRvb0L.jpg,Thermaltake,Versa H18,467.01,ATX,MircoATX,MicroATX Mini Tower,Tempered Glass
608dd450905ec60bdc069916,/images/case/41Zwzc-t8BL.jpg,Cooler Master,MasterBox Lite 3.1,217.35,ATX,MircoATX,MicroATX Mid Tower,Acrylic
608dd450905ec60bdc069917,/images/case/d840392c61d0ca639f108e4ca53d5f6a.256p.jpg,Cooler Master,MasterBox MB311L ARGB,272.95,ATX,MircoATX,MicroATX Mid Tower,Tempered Glass
608dd450905ec60bdc069918,/images/case/c41828b1d2e94677cb77075afb0370f9.256p.jpg,Cooler Master,MasterBox MB320L ARGB,304.40,ATX,MircoATX,MicroATX Mid Tower,Tempered Glass
608dd450905ec60bdc069919,/images/case/57de46fcb7c2e44e868009fe030d60e6.256p.jpg,Cooler Master,MasterBox NR400 (w/o ODD),312.04,ATX,MircoATX,MicroATX Mid Tower,Tempered Glass
608dd450905ec60bdc069920,/images/case/a7bd7d10acb760185edc71759c9b55bf.256p.jpg,Cooler Master,MasterBox NR400 (w/ODD),271.50,ATX,MircoATX,MicroATX Mid Tower,Tempered Glass
608dd450905ec60bdc069921,/images/case/bc01477cbfd1cbaeebcff63368ab6705.256p.jpg,Corsair,350D,396.26,ATX,MircoATX,MicroATX Mid Tower,None
608dd450905ec60bdc069922,/images/case/41A7J01Y5BL.jpg,Corsair,Crystal 280X,543.63,ATX,MircoATX,MicroATX Mid Tower,Tempered Glass
608dd450905ec60bdc069923,/images/case/b8b333efacd7d6445dd8833a8dc551fd.256p.jpg,Corsair,Crystal 280X RGB,725.32,ATX,MircoATX,MicroATX Mid Tower,Tempered Glass
608dd450905ec60bdc069924,/images/case/41eJmj4-WEL.jpg,Fractal Design,Core 1000 USB 3.0,268.81,ATX,MircoATX,MicroATX Mid Tower,None
608dd450905ec60bdc069925,/images/case/ae123a856dfa937f94cfe464f3506cde.256p.jpg,Fractal Design,Define Mini C,363.55,ATX,MircoATX,MicroATX Mid Tower,None
608dd450905ec60bdc069926,/images/case/50cff7f7fa418b13cf7399ea7c60bf93.256p.jpg,Fractal Design,Define Mini C TG,440.85,ATX,MircoATX,MicroATX Mid Tower,Tempered Glass
608dd450905ec60bdc069927,/images/case/9886185e66d27730b7d04cc2f26c232e.256p.jpg,Fractal Design,Node 804,472.02,ATX,MircoATX,MicroATX Mid Tower,Acrylic
608dd450905ec60bdc069928,/images/case/47206951707be328cd4de3b8afc7008c.256p.jpg,Lian Li,LANCOOL 205M,254.30,ATX,MircoATX,MicroATX Mid Tower,Tempered Glass
608dd450905ec60bdc069929,/images/case/2b3b2198883d0a6ba85c5e0455d02ff4.256p.jpg,Thermaltake,V150,311.45,ATX,MircoATX,MicroATX Mid Tower,Tempered Glass
608dd450905ec60bdc069930,/images/case/da565cae23d9090507420bc7f11db02f.256p.jpg,Thermaltake,Versa H15,276.32,ATX,MircoATX,MicroATX Mid Tower,None
608dd450905ec60bdc069931,/images/case/2ec40a999717d2d4d17c5ff8751f189e.256p.jpg,Thermaltake,Level 20 VT,500.45,ATX,MircoATX,MicroATX Desktop,Tempered Glass
608dd450905ec60bdc069932,/images/case/fff3f3984b240187775dd6d0535e9e10.256p.jpg,Lian Li,PC-Q15,537.63,SFX,Mini ITX,HTPC,None
608dd450905ec60bdc069933,/images/case/803e00e1c94e03e1e22b09667eddb7dd.256p.jpg,be quiet!,Dark Base 700,741.60,ATX,ATX,ATX Mid Tower,Tempered Glass
608dd450905ec60bdc069934,/images/case/d91579c6e1759df7a7ebdffe77d9f5b3.256p.jpg,be quiet!,Pure Base 500,304.44,ATX,ATX,ATX Mid Tower,Tempered Glass
608dd450905ec60bdc069935,/images/case/d0088af61ff05d2f1e8ec07eeb4f7aee.256p.jpg,be quiet!,Pure Base 500DX,471.70,ATX,ATX,ATX Mid Tower,Tempered Glass
608dd450905ec60bdc069936,/images/case/6873a790dc8fe401cd695edb99d2a4cc.256p.jpg,be quiet!,Pure Base 600,370.32,ATX,ATX,ATX Mid Tower,Tempered Glass
608dd450905ec60bdc069937,/images/case/9aa6bed7fdcf78aed8f34e5976099ca5.256p.jpg,be quiet!,Silent Base 600,449.95,ATX,ATX,ATX Mid Tower,None
608dd450905ec60bdc069938,/images/case/e47cb114aaaaa4a3bbf4243d028515f6.256p.jpg,be quiet!,Silent Base 601,541.45,ATX,ATX,ATX Mid Tower,Tempered Glass
608dd450905ec60bdc069939,/images/case/733903cf860e2050544612a5ac7ac2b6.256p.jpg,be quiet!,Silent Base 801,677.95,ATX,ATX,ATX Mid Tower,Tempered Glass
608dd450905ec60bdc069940,/images/case/c6dd79bcdf0f7a1b6b73b267231f4e8e.256p.jpg,be quiet!,Silent Base 802,675.68,ATX,ATX,ATX Mid Tower,Tempered Glass
608dd450905ec60bdc069941,/images/case/eec3488e9f805c72e59b3851613a0843.256p.jpg,Cooler Master,CM 590 III,295.52,ATX,ATX,ATX Mid Tower,Acrylic
608dd450905ec60bdc069942,/images/case/no-image.png,Cooler Master,Force 500,246.02,ATX,ATX,ATX Mid Tower,None
608dd450905ec60bdc069943,/images/case/no-image.png,Cooler Master,K350,222.22,ATX,ATX,ATX Mid Tower,Acrylic
608dd450905ec60bdc069944,/images/case/41c8Sjjv3qL.jpg,Cooler Master,MasterBox 5,363.86,ATX,ATX,ATX Mid Tower,Acrylic
608dd450905ec60bdc069945,/images/case/51jQkVEg%2BlL.jpg,Cooler Master,MasterBox 5T,454.50,ATX,ATX,ATX Mid Tower,Acrylic
608dd450905ec60bdc069946,/images/case/9ad677e759d92054c992295df4663eaf.256p.jpg,Cooler Master,MasterBox E500 (w/o ODD),346.62,ATX,ATX,ATX Mid Tower,Tempered Glass
608dd450905ec60bdc069947,/images/case/0e9150c0a31bb008f7bbf43afa99dd7a.256p.jpg,Cooler Master,MasterBox E500L,201.66,ATX,ATX,ATX Mid Tower,None
608dd450905ec60bdc069948,/images/case/7ec81010fd1d70911c9d7b7c1875e3fe.256p.jpg,Cooler Master,MASTERBOX E501L,224.45,ATX,ATX,ATX Mid Tower,None
608dd450905ec60bdc069949,/images/case/41IUopbW%2B%2BL.jpg,Cooler Master,MasterBox K500,374.33,ATX,ATX,ATX Mid Tower,Tempered Glass
608dd450905ec60bdc069950,/images/case/abae9ce80fca1c81709d1e1c5b977fc5.256p.jpg,Cooler Master,MasterBox K500 ARGB,411.27,ATX,ATX,ATX Mid Tower,Tempered Glass
608dd450905ec60bdc069951,/images/case/17fa8a2537f9c8b4daed00429246ba26.256p.jpg,Cooler Master,MasterBox Lite 5,389.30,ATX,ATX,ATX Mid Tower,Acrylic
608dd450905ec60bdc069952,/images/case/e7008b6cfa779e5d7575248728a2ec0a.256p.jpg,Cooler Master,MasterBox LITE 5 ARGB,432.02,ATX,ATX,ATX Mid Tower,Tempered Glass
608dd450905ec60bdc069953,/images/case/41-c%2BGvOFML.jpg,Cooler Master,MasterBox Lite 5 RGB,329.47,ATX,ATX,ATX Mid Tower,Tempered Glass
608dd450905ec60bdc069954,/images/case/51u8UeXL1kL.jpg,Cooler Master,MasterBox MB500,360.50,ATX,ATX,ATX Mid Tower,Tempered Glass
608dd450905ec60bdc069955,/images/case/3ba287ad12b579548c5da4f7f4891dca.256p.jpg,Cooler Master,MasterBox MB500 ARGB,429.98,ATX,ATX,ATX Mid Tower,Tempered Glass
608dd450905ec60bdc069956,/images/case/31G8IcrMPSL.jpg,Cooler Master,MasterBox MB510L,258.76,ATX,ATX,ATX Mid Tower,Acrylic
608dd450905ec60bdc069957,/images/case/41gOhENP3SL.jpg,Cooler Master,MasterBox MB511,281.74,ATX,ATX,ATX Mid Tower,Acrylic
608dd450905ec60bdc069958,/images/case/794b75b9c9ee1db821a1c2c4643920a1.256p.jpg,Cooler Master,MasterBox MB511 ARGB,335.34,ATX,ATX,ATX Mid Tower,Tempered Glass
608dd450905ec60bdc069959,/images/case/9198c9ed4806d4898c2f4c49a68ac225.256p.jpg,Cooler Master,MasterBox MB511 RGB,335.34,ATX,ATX,ATX Mid Tower,Tempered Glass
608dd450905ec60bdc069960,/images/case/b7552309d1ff3adc4306048002a36a99.256p.jpg,Cooler Master,MasterBox MB520 ARGB,340.93,ATX,ATX,ATX Mid Tower,Tempered Glass
608dd450905ec60bdc069961,/images/case/f8eff50e4ca634033cce6fe2bfaa40f4.256p.jpg,Cooler Master,MasterBox MB520 RGB,340.93,ATX,ATX,ATX Mid Tower,Tempered Glass
608dd450905ec60bdc069962,/images/case/41ZoJCIaOOL.jpg,Cooler Master,MasterBox MB530P,527.48,ATX,ATX,ATX Mid Tower,Tempered Glass
608dd450905ec60bdc069963,/images/case/a6a5be8145c8949aa7289ed956ef7d44.256p.jpg,Cooler Master,MasterBox NR600 (w/o ODD),305.21,ATX,ATX,ATX Mid Tower,Tempered Glass
608dd450905ec60bdc069964,/images/case/4c5d0c50dcaf17572276e7facdc68c94.256p.jpg,Cooler Master,MasterBox NR600 (w/ODD),354.81,ATX,ATX,ATX Mid Tower,Tempered Glass
608dd450905ec60bdc069965,/images/case/4b396319699f80316473d0a5bc5ad2aa.256p.jpg,Cooler Master,MasterBox NR600P,661.75,ATX,ATX,ATX Mid Tower,None
608dd450905ec60bdc069966,/images/case/52bb1b255db58b40e254f62cd79e8a12.256p.jpg,Cooler Master,MasterBox Q500L,290.06,ATX,ATX,ATX Mid Tower,Acrylic
608dd450905ec60bdc069967,/images/case/67182e65c2d6b9d31605067eaac9717e.256p.jpg,Cooler Master,MasterBox TD500,494.08,ATX,ATX,ATX Mid Tower,Acrylic
608dd450905ec60bdc069968,/images/case/dace1696de22e925ae590011214e0655.256p.jpg,Cooler Master,MasterBox TD500 ARGB,451.41,ATX,ATX,ATX Mid Tower,Tempered Glass
608dd450905ec60bdc069969,/images/case/351a1f0a7e65a3513b198dbcdcacf1d8.256p.jpg,Cooler Master,MasterBox TD500 Mesh w/ Controller,451.45,ATX,ATX,ATX Mid Tower,Tempered Glass
608dd450905ec60bdc069970,/images/case/212cf1bdd68ed28c40799e5bc3548ad4.256p.jpg,Cooler Master,MasterBox TD500 Mesh White w/ Controller,484.44,ATX,ATX,ATX Mid Tower,Tempered Glass
608dd450905ec60bdc069971,/images/case/8058a5658a08dbd68ed2f88ab8e70df7.256p.jpg,Cooler Master,MasterCase H500,821.59,ATX,ATX,ATX Mid Tower,Tinted Tempered Glass
608dd450905ec60bdc069972,/images/case/2a7afb950e91ae3dc3a39df7a65c50d2.256p.jpg,Cooler Master,MasterCase H500 ARGB,543.22,ATX,ATX,ATX Mid Tower,Tempered Glass
608dd450905ec60bdc069973,/images/case/3b22338d08cddc21f3cd6150ec431a31.256p.jpg,Cooler Master,MasterCase H500M,959.23,ATX,ATX,ATX Mid Tower,Tempered Glass
608dd450905ec60bdc069974,/images/case/82a76daea849e6d6610222837d271c51.256p.jpg,Cooler Master,MasterCase H500P Mesh,833.33,ATX,ATX,ATX Mid Tower,Tempered Glass
608dd450905ec60bdc069975,/images/case/f017338a0715df1b183bb0c33a9d5d5e.256p.jpg,Cooler Master,MasterCase H500P Mesh ARGB,693.97,ATX,ATX,ATX Mid Tower,Tempered Glass
608dd450905ec60bdc069976,/images/case/41yfvW1uzsL.jpg,Cooler Master,MasterCase Maker 5,1050.60,ATX,ATX,ATX Mid Tower,Acrylic
608dd450905ec60bdc069977,/images/case/daf55850f9adfe2502278113643b00b9.256p.jpg,Cooler Master,MasterCase MC500,1044.13,ATX,ATX,ATX Mid Tower,Tempered Glass
608dd450905ec60bdc069978,/images/case/5e6f11aa93f87cae4277948d0bb773df.256p.jpg,Cooler Master,MasterCase SL600M,1022.48,ATX,ATX,ATX Mid Tower,Tempered Glass
608dd450905ec60bdc069979,/images/case/f60a5af4538f4a7cb764c5623da8a10a.256p.jpg,Cooler Master,MasterCase SL600M Black Edition,820.77,ATX,ATX,ATX Mid Tower,Tempered Glass
608dd450905ec60bdc069980,/images/case/8de825d4ece394447cf30b2d805f23b3.256p.jpg,Cooler Master,MB600L,279.23,ATX,ATX,ATX Mid Tower,Acrylic
608dd450905ec60bdc069981,/images/case/41zJDq-7XmL.jpg,Cooler Master,MB600L ODD,330.92,ATX,ATX,ATX Mid Tower,Acrylic
608dd450905ec60bdc069982,/images/case/eb12f8dad08e12c47d8c2882951fd530.256p.jpg,Cooler Master,N300,240.42,ATX,ATX,ATX Mid Tower,None
608dd450905ec60bdc069983,/images/case/131730beaf80090170bc239b0fb0bb35.256p.jpg,Cooler Master,N400,1178.40,ATX,ATX,ATX Mid Tower,None
608dd450905ec60bdc069984,/images/case/31jgZ%2BowXZL.jpg,Cooler Master,Silencio 452,385.48,ATX,ATX,ATX Mid Tower,None
608dd450905ec60bdc069985,/images/case/d2743bb984cc84e16bd88930b72896a8.256p.jpg,Cooler Master,Silencio S600,413.00,ATX,ATX,ATX Mid Tower,Tempered Glass
608dd450905ec60bdc069986,/images/case/78212a21637cc844a152f80de980b551.256p.jpg,Corsair,100R,227.18,ATX,ATX,ATX Mid Tower,Acrylic
608dd450905ec60bdc069987,/images/case/583a373ce6fea7d29925d7bb46a5123f.256p.jpg,Corsair,110Q,285.92,ATX,ATX,ATX Mid Tower,None
608dd450905ec60bdc069988,/images/case/d4425c7a3cacead189dc0577d1181b41.256p.jpg,Corsair,110R,272.55,ATX,ATX,ATX Mid Tower,Tempered Glass
608dd450905ec60bdc069989,/images/case/68626756a77bce5d64744a599a4fadf5.256p.jpg,Corsair,200R,286.42,ATX,ATX,ATX Mid Tower,None
608dd450905ec60bdc069990,/images/case/311d4a823b9c8f652933476f94f1aa5c.256p.jpg,Corsair,270R,227.45,ATX,ATX,ATX Mid Tower,None
608dd450905ec60bdc069991,/images/case/8ac4e431c7c6061bac02aad4d4cbc92b.256p.jpg,Corsair,275Q,318.05,ATX,ATX,ATX Mid Tower,None
608dd450905ec60bdc069992,/images/case/eb3af18a501372c17840a48f49321920.256p.jpg,Corsair,275R,370.32,ATX,ATX,ATX Mid Tower,Tempered Glass
608dd450905ec60bdc069993,/images/case/6a1f77b51f753e7c0e9ddc3224020f1d.256p.jpg,Corsair,275R Airflow,354.45,ATX,ATX,ATX Mid Tower,Tempered Glass
608dd450905ec60bdc069994,/images/case/6c63c357ca362f7cf6875f0329148863.256p.jpg,Corsair,4000D,340.80,ATX,ATX,ATX Mid Tower,Tempered Glass
608dd450905ec60bdc069995,/images/case/ef83ac7b40f303152fbb47b6db45c9ca.256p.jpg,Corsair,4000D Airflow,422.70,ATX,ATX,ATX Mid Tower,Tinted Tempered Glass
608dd450905ec60bdc069996,/images/case/86a2380d9328c19e45ed379c47d8e7ef.256p.jpg,Corsair,400C,914.55,ATX,ATX,ATX Mid Tower,Acrylic
608dd450905ec60bdc069997,/images/case/41inDyinpzL.jpg,Corsair,450D,417.24,ATX,ATX,ATX Mid Tower,Acrylic
608dd450905ec60bdc069998,/images/case/686a4d0e24dfd73e2d5ad0b24c0495eb.256p.jpg,Corsair,5000D,633.91,ATX,ATX,ATX Mid Tower,Tempered Glass
608dd450905ec60bdc069999,/images/case/f98e411d9763902637b8a6527c44dd19.256p.jpg,Corsair,5000D AIRFLOW,697.06,ATX,ATX,ATX Mid Tower,Tempered Glass
608dd450905ec60bdc070000,/images/case/d899038e788d50b47fd55b80dc361f13.256p.jpg,Corsair,500D Premium,752.52,ATX,ATX,ATX Mid Tower,Tinted Tempered Glass
608dd450905ec60bdc070001,/images/case/31spdaej%2BBL.jpg,Corsair,550D,835.97,ATX,ATX,ATX Mid Tower,None
608dd450905ec60bdc070002,/images/case/e8d551914abda328a4e808f264f02c1e.256p.jpg,Corsair,678C,667.94,ATX,ATX,ATX Mid Tower,Tempered Glass
608dd450905ec60bdc070003,/images/case/41YQ1Q9MESL.jpg,Corsair,Air 540,568.20,ATX,ATX,ATX Mid Tower,Acrylic
608dd450905ec60bdc070004,/images/case/925ec5e458bd51c39f977597d242b009.256p.jpg,Corsair,Carbide 175R RGB,295.30,ATX,ATX,ATX Mid Tower,Tempered Glass
608dd450905ec60bdc070005,/images/case/85d012b4951d2bd9abe3a8d999d9fa7d.256p.jpg,Corsair,Crystal 460X RGB,693.83,ATX,ATX,ATX Mid Tower,Tempered Glass
608dd450905ec60bdc070006,/images/case/d37f36bea23d6efa61cc696257f7dd8b.256p.jpg,Corsair,Crystal 570X RGB,885.48,ATX,ATX,ATX Mid Tower,Acrylic
608dd450905ec60bdc070007,/images/case/daed134a31818cbc37aef1a70712abc3.256p.jpg,Corsair,Crystal 570X RGB Mirror Black,880.83,ATX,ATX,ATX Mid Tower,Tempered Glass
608dd450905ec60bdc070008,/images/case/3a39a10c5fea218ee6db2ac78c520a83.256p.jpg,Corsair,Crystal 680X RGB,1035.08,ATX,ATX,ATX Mid Tower,Tempered Glass
608dd450905ec60bdc070009,/images/case/fa335af101aa114dcaa133df9352e46d.256p.jpg,Corsair,iCUE 220T RGB,497.32,ATX,ATX,ATX Mid Tower,Tempered Glass
608dd450905ec60bdc070010,/images/case/e7ede7a1213f28e72b4f19f1afafc261.256p.jpg,Corsair,iCUE 220T RGB Airflow,451.82,ATX,ATX,ATX Mid Tower,Tempered Glass
608dd450905ec60bdc070011,/images/case/3a87f7d1da63e23f30f3e4bf032ae7c5.256p.jpg,Corsair,iCUE 4000X RGB,528.62,ATX,ATX,ATX Mid Tower,Tempered Glass
608dd450905ec60bdc070012,/images/case/41olehEgoVL.jpg,Corsair,iCUE 465X RGB,578.76,ATX,ATX,ATX Mid Tower,Tempered Glass
608dd450905ec60bdc070013,/images/case/b630d3e8642df2ed4e9a4278d55ee88a.256p.jpg,Corsair,iCUE 5000X RGB,857.68,ATX,ATX,ATX Mid Tower,Tempered Glass
608dd450905ec60bdc070014,/images/case/41tzS2mBxyL.jpg,Corsair,Obsidian 500D RGB SE,1187.50,ATX,ATX,ATX Mid Tower,Tinted Tempered Glass
608dd450905ec60bdc070015,/images/case/9e4bd51b5111e35d42ce99e6dd4390c3.256p.jpg,Corsair,SPEC OMEGA,536.45,ATX,ATX,ATX Mid Tower,Tempered Glass
608dd450905ec60bdc070016,/images/case/d6d58d8d77d90759b800ae04dac4e0fb.256p.jpg,Corsair,SPEC-01,238.51,ATX,ATX,ATX Mid Tower,Acrylic
608dd450905ec60bdc070017,/images/case/1ee66c4bb31851a70ed7c3447f47b217.256p.jpg,Corsair,SPEC-03,791.11,ATX,ATX,ATX Mid Tower,Acrylic
608dd450905ec60bdc070018,/images/case/c9311c06d9c91ae40c70c259af9245eb.256p.jpg,Corsair,SPEC-04,349.85,ATX,ATX,ATX Mid Tower,Acrylic
608dd450905ec60bdc070019,/images/case/41SzVQx1SkL.jpg,Corsair,SPEC-05,263.45,ATX,ATX,ATX Mid Tower,Acrylic
608dd450905ec60bdc070020,/images/case/42abdf8f96f74d2e64cc03292874eca8.256p.jpg,Corsair,SPEC-06,1134.27,ATX,ATX,ATX Mid Tower,Tempered Glass
608dd450905ec60bdc070021,/images/case/41WRrC2HWaL.jpg,Corsair,SPEC-ALPHA,508.33,ATX,ATX,ATX Mid Tower,Acrylic
608dd450905ec60bdc070022,/images/case/b35ad4944a6207c0e307154137834af6.256p.jpg,Corsair,SPEC-DELTA RGB,317.59,ATX,ATX,ATX Mid Tower,Tempered Glass
608dd450905ec60bdc070023,/images/case/2c2fdd7955d600df94b93f2615d6dc6a.256p.jpg,Corsair,SPEC-OMEGA RGB,725.22,ATX,ATX,ATX Mid Tower,Tempered Glass
608dd450905ec60bdc070024,/images/case/5e3dacdab51c3a7f331e27cc70ea5783.256p.jpg,Fractal Design,Core 2300,241.33,ATX,ATX,ATX Mid Tower,None
608dd450905ec60bdc070025,/images/case/d943180ff1f760a363931866169d1889.256p.jpg,Fractal Design,Core 2500,290.70,ATX,ATX,ATX Mid Tower,None
608dd450905ec60bdc070026,/images/case/3a762b939da172d53746bc6e225be558.256p.jpg,Fractal Design,Define 7,757.07,ATX,ATX,ATX Mid Tower,Tempered Glass
608dd450905ec60bdc070027,/images/case/f44d77d78e1123e959d387a7f73c2550.256p.jpg,Fractal Design,Define 7 Compact,488.62,ATX,ATX,ATX Mid Tower,None
608dd450905ec60bdc070028,/images/case/7cd2c7cfed3027596ea1b662b881b361.256p.jpg,Fractal Design,Define 7 Dark,761.62,ATX,ATX,ATX Mid Tower,Tinted Tempered Glass
608dd450905ec60bdc070029,/images/case/1f91c911eda069378b96b772eae317f9.256p.jpg,Fractal Design,Define 7 Light,737.15,ATX,ATX,ATX Mid Tower,Tempered Glass
608dd450905ec60bdc070030,/images/case/c6e7bc6e4d25b301eddd917a9668b7a6.256p.jpg,Fractal Design,Define C,402.17,ATX,ATX,ATX Mid Tower,None
608dd450905ec60bdc070031,/images/case/601bd451779a1484fa3d3470400ce8f9.256p.jpg,Fractal Design,Define C TG,447.58,ATX,ATX,ATX Mid Tower,Tempered Glass
608dd450905ec60bdc070032,/images/case/cdacbff569bd9a02458fa57f2504c3e4.256p.jpg,Fractal Design,Define R5,500.05,ATX,ATX,ATX Mid Tower,None
608dd450905ec60bdc070033,/images/case/650c0551be5d041a7fb4a3eacbddbd7d.256p.jpg,Fractal Design,Define R6,678.22,ATX,ATX,ATX Mid Tower,Tempered Glass
608dd450905ec60bdc070034,/images/case/58040cad58ca0079082cf722ce8fdad6.256p.jpg,Fractal Design,Define R6 USB-C,735.33,ATX,ATX,ATX Mid Tower,Tempered Glass
608dd450905ec60bdc070035,/images/case/49cd896432a3dbfa6ba24e90558e9733.256p.jpg,Fractal Design,Define R6 USB-C Blackout,727.77,ATX,ATX,ATX Mid Tower,Tempered Glass
608dd450905ec60bdc070036,/images/case/247023a904006490783d450008eb8492.256p.jpg,Fractal Design,Define S,427.65,ATX,ATX,ATX Mid Tower,Acrylic
608dd450905ec60bdc070037,/images/case/f733e2a823016d1584970c8d3d17ca43.256p.jpg,Fractal Design,Define S2,700.25,ATX,ATX,ATX Mid Tower,Tinted Tempered Glass
608dd450905ec60bdc070038,/images/case/34e2f305c8f2f89c0cb82055128a4182.256p.jpg,Fractal Design,Define S2 Blackout,695.60,ATX,ATX,ATX Mid Tower,Tinted Tempered Glass
608dd450905ec60bdc070039,/images/case/676e972974cb1656ef49d152e45ac40d.256p.jpg,Fractal Design,Define S2 Vision Blackout,920.69,ATX,ATX,ATX Mid Tower,Tinted Tempered Glass
608dd450905ec60bdc070040,/images/case/6534e5c76fa2c9c68c96d456baccfa0f.256p.jpg,Fractal Design,Define S2 Vision RGB,1011.19,ATX,ATX,ATX Mid Tower,Tinted Tempered Glass
608dd450905ec60bdc070041,/images/case/0aae439084e28e23fa17894f6552e89b.256p.jpg,Fractal Design,Focus G,271.04,ATX,ATX,ATX Mid Tower,Acrylic
608dd450905ec60bdc070042,/images/case/25e82e47cc7ef713af2f8e676d10c413.256p.jpg,Fractal Design,Meshify 2,690.74,ATX,ATX,ATX Mid Tower,Tinted Tempered Glass
608dd450905ec60bdc070043,/images/case/d56f9c8e0c0a09a8bb5cd06616378a52.256p.jpg,Fractal Design,Meshify 2 Compact,443.12,ATX,ATX,ATX Mid Tower,None
608dd450905ec60bdc070044,/images/case/294a21d464cbb7e44e5403b320a09fdc.256p.jpg,Fractal Design,Meshify 2 Compact TG Dark Tint,386.30,ATX,ATX,ATX Mid Tower,Tinted Tempered Glass
608dd450905ec60bdc070045,/images/case/a2e481d5295ec41a6a6107f7117a27c6.256p.jpg,Fractal Design,Meshify 2 Compact TG Light Tint,476.02,ATX,ATX,ATX Mid Tower,Tempered Glass
608dd450905ec60bdc070046,/images/case/747683ff402e9076609f9a4ee5e64d6e.256p.jpg,Fractal Design,Meshify 2 Compact White TG Clear Tint,732.73,ATX,ATX,ATX Mid Tower,Tempered Glass
608dd450905ec60bdc070047,/images/case/e233284c287b2718446f4e4c5dcbcefe.256p.jpg,Fractal Design,Meshify C,472.79,ATX,ATX,ATX Mid Tower,Tempered Glass
608dd450905ec60bdc070048,/images/case/4d7492690d0731029d0113dd37a142c8.256p.jpg,Fractal Design,Meshify S2,613.80,ATX,ATX,ATX Mid Tower,Tempered Glass
608dd450905ec60bdc070049,/images/case/ca6362e15025f6446e09b21540d045b3.256p.jpg,Fractal Design,Vector RS,800.35,ATX,ATX,ATX Mid Tower,Tempered Glass
608dd450905ec60bdc070050,/images/case/20dce0dbcce4adacd7fbabd9911fa0a3.256p.jpg,Fractal Design,Vector RS Blackout,890.75,ATX,ATX,ATX Mid Tower,Tinted Tempered Glass
608dd450905ec60bdc070051,/images/case/cd0b847dc4aa3e763989af972e31b953.256p.jpg,Lian Li,ALPHA 550X,1282.14,ATX,ATX,ATX Mid Tower,Tempered Glass
608dd450905ec60bdc070052,/images/case/130d96ea79023c8e2b209551f02fc5b4.256p.jpg,Lian Li,LANCOOL 215,413.55,ATX,ATX,ATX Mid Tower,Tempered Glass
608dd450905ec60bdc070053,/images/case/b4df5bc671834e8b107239fb88404f9d.256p.jpg,Lian Li,Lancool II Mesh,527.30,ATX,ATX,ATX Mid Tower,Tempered Glass
608dd450905ec60bdc070054,/images/case/8f728ad9050f1b98db2e61fab01bc902.256p.jpg,Lian Li,LANCOOL II-X,481.80,ATX,ATX,ATX Mid Tower,Tempered Glass
608dd450905ec60bdc070055,/images/case/99ae4b9d0233223dd673f7c690b210a6.256p.jpg,Lian Li,LANCOOL ONE,678.45,ATX,ATX,ATX Mid Tower,Tempered Glass
608dd450905ec60bdc070056,/images/case/e4b69337926541c444352052270bc69e.256p.jpg,Lian Li,LANCOOL ONE Digital,647.06,ATX,ATX,ATX Mid Tower,Acrylic
608dd450905ec60bdc070057,/images/case/c067673d9018218168704cc6ed3b10df.256p.jpg,Lian Li,O11 Dynamic Mini,527.30,ATX,ATX,ATX Mid Tower,Tempered Glass
608dd450905ec60bdc070058,/images/case/93146fff6c8531b4717bc046d61730a6.256p.jpg,Lian Li,PC-O10,1118.80,ATX,ATX,ATX Mid Tower,Tempered Glass
608dd450905ec60bdc070059,/images/case/7ee5bdf32ff3c946b661cef2a3c7d4d5.256p.jpg,Lian Li,PC-O8X,2100.83,ATX,ATX,ATX Mid Tower,Tempered Glass
608dd450905ec60bdc070060,/images/case/70369080703b5e516b615c00a2f99ff7.256p.jpg,Lian Li,PC-X510,2296.39,ATX,ATX,ATX Mid Tower,Acrylic
608dd450905ec60bdc070061,/images/case/0755c019e845d11601c7b0c3e773571b.256p.jpg,NZXT,H510,356.63,ATX,ATX,ATX Mid Tower,Tempered Glass
608dd450905ec60bdc070062,/images/case/0de69c1e686dfab92afff9b0c2176088.256p.jpg,NZXT,H510 Elite,677.95,ATX,ATX,ATX Mid Tower,Tempered Glass
608dd450905ec60bdc070063,/images/case/974d8199bbeae5bcdf70933febf1b993.256p.jpg,NZXT,H510i,457.78,ATX,ATX,ATX Mid Tower,Tempered Glass
608dd450905ec60bdc070064,/images/case/7ae90e748e56eb44b093dca81f5a63c0.256p.jpg,NZXT,H700,1340.07,ATX,ATX,ATX Mid Tower,Tempered Glass
608dd450905ec60bdc070065,/images/case/df3fb4b6f8829514c5d3e9db9106ec3a.256p.jpg,NZXT,H700 PUBG,1219.17,ATX,ATX,ATX Mid Tower,Tempered Glass
608dd450905ec60bdc070066,/images/case/db30772297738a5e0f1b217ca0a2433e.256p.jpg,NZXT,H710,639.37,ATX,ATX,ATX Mid Tower,Tempered Glass
608dd450905ec60bdc070067,/images/case/a8a777a8cb93454945e011ced85a7999.256p.jpg,NZXT,H710i,777.60,ATX,ATX,ATX Mid Tower,Tempered Glass
608dd450905ec60bdc070068,/images/case/517ffae37d62bd26b5294104aa21e9a9.256p.jpg,Phanteks,Eclipse P300,299.80,ATX,ATX,ATX Mid Tower,Tinted Tempered Glass
608dd450905ec60bdc070069,/images/case/7c9e187b65ab4b281bc2ca0fe41a9aa7.256p.jpg,Phanteks,Eclipse P300A Mesh,318.55,ATX,ATX,ATX Mid Tower,Tempered Glass
608dd450905ec60bdc070070,/images/case/41uzprn1FSL.jpg,Phanteks,Eclipse P350X,341.66,ATX,ATX,ATX Mid Tower,Tinted Tempered Glass
608dd450905ec60bdc070071,/images/case/868c9d19f84e899fb5f92907bc14ca26.256p.jpg,Phanteks,Eclipse P360A,345.30,ATX,ATX,ATX Mid Tower,Tempered Glass
608dd450905ec60bdc070072,/images/case/79250fbb1b4265eaa02052807bee8425.256p.jpg,Phanteks,Eclipse P360X,786.97,ATX,ATX,ATX Mid Tower,Tempered Glass
608dd450905ec60bdc070073,/images/case/31ht6-6us%2BL.jpg,Phanteks,Eclipse P400,363.55,ATX,ATX,ATX Mid Tower,Tinted Tempered Glass
608dd450905ec60bdc070074,/images/case/c62d93ddd59d252799a01f178b5da199.256p.jpg,Phanteks,Eclipse P400A,390.80,ATX,ATX,ATX Mid Tower,Tempered Glass
608dd450905ec60bdc070075,/images/case/5b2cb9f6fb0522a1ef0ef83a69f2524a.256p.jpg,Phanteks,Eclipse P400A Digital,454.55,ATX,ATX,ATX Mid Tower,Tempered Glass
608dd450905ec60bdc070076,/images/case/311LoUcCuLL.jpg,Phanteks,Eclipse P400S,377.15,ATX,ATX,ATX Mid Tower,Tinted Tempered Glass
608dd450905ec60bdc070077,/images/case/d6bcee0023610830579746d8c18f1bff.256p.jpg,Phanteks,Eclipse P500A,577.35,ATX,ATX,ATX Mid Tower,Tempered Glass
608dd450905ec60bdc070078,/images/case/99a2867f72815aefb003b1eee793dfb0.256p.jpg,Phanteks,Eclipse P500A D-RGB,713.85,ATX,ATX,ATX Mid Tower,Tempered Glass
608dd450905ec60bdc070079,/images/case/a501140d9127374bbf255d1d1cf09e11.256p.jpg,Phanteks,Eclipse P600S,727.55,ATX,ATX,ATX Mid Tower,Tinted Tempered Glass
608dd450905ec60bdc070080,/images/case/31sWyG8%2BIdL.jpg,Phanteks,Enthoo EVOLV ATX,842.61,ATX,ATX,ATX Mid Tower,Acrylic
608dd450905ec60bdc070081,/images/case/41oLahU2uUL.jpg,Phanteks,Enthoo EVOLV ATX TG,842.61,ATX,ATX,ATX Mid Tower,Tinted Tempered Glass
608dd450905ec60bdc070082,/images/case/086e7f1f402561638bad8d683f47ed3a.256p.jpg,Phanteks,Enthoo Pro M TG,654.34,ATX,ATX,ATX Mid Tower,Tinted Tempered Glass
608dd450905ec60bdc070083,/images/case/2db8daab07c206a2a93dbfaeca4bc92d.256p.jpg,Phanteks,Evolv X,1000.55,ATX,ATX,ATX Mid Tower,Tinted Tempered Glass
608dd450905ec60bdc070084,/images/case/f6e948cc8d485dcfe7713f2c9c64c753.256p.jpg,SilentiumPC,Armis AR1,168.26,ATX,ATX,ATX Mid Tower,None
608dd450905ec60bdc070085,/images/case/41BzyOd0GUL.jpg,SilentiumPC,Armis AR5 RGB,359.45,ATX,ATX,ATX Mid Tower,Tempered Glass
608dd450905ec60bdc070086,/images/case/2d7305ee43d68c4232f3f24e2114d40a.256p.jpg,SilentiumPC,Armis AR6,245.61,ATX,ATX,ATX Mid Tower,None
608dd450905ec60bdc070087,/images/case/a87ba9038018cbfdfa1e991385fdeda7.256p.jpg,SilentiumPC,Armis AR6Q EVO ARGB,343.43,ATX,ATX,ATX Mid Tower,Tempered Glass
608dd450905ec60bdc070088,/images/case/49a33d1ea4b69f67e73149ef017dfce3.256p.jpg,SilentiumPC,Armis AR6X EVO ARGB,371.87,ATX,ATX,ATX Mid Tower,Tempered Glass
608dd450905ec60bdc070089,/images/case/ecf818c36165a1d006cf8b78eac23903.256p.jpg,SilentiumPC,Armis AR7,340.29,ATX,ATX,ATX Mid Tower,None
608dd450905ec60bdc070090,/images/case/453691cb612771e994b4b84d55fe3cff.256p.jpg,SilentiumPC,Armis AR7X EVO ARGB,531.85,ATX,ATX,ATX Mid Tower,Tempered Glass
608dd450905ec60bdc070091,/images/case/15ee3f4d8cfeff4b640d219e514dc393.256p.jpg,SilentiumPC,Astrum AT6V,438.57,ATX,ATX,ATX Mid Tower,Tempered Glass
608dd450905ec60bdc070092,/images/case/141de6c04dc3aaa818e1bc129ebd33d5.256p.jpg,SilentiumPC,Astrum AT6V EVO,463.60,ATX,ATX,ATX Mid Tower,Tempered Glass
608dd450905ec60bdc070093,/images/case/ff34644a4f7660464bdb42e82886559f.256p.jpg,SilentiumPC,Regnum RG4,292.97,ATX,ATX,ATX Mid Tower,None
608dd450905ec60bdc070094,/images/case/9a3d1dbe365820eaeccc89c50320b259.256p.jpg,SilentiumPC,Regnum RG4T,297.48,ATX,ATX,ATX Mid Tower,Tempered Glass
608dd450905ec60bdc070095,/images/case/6c8acc7d26e0ce7d9364386a1ab39b07.256p.jpg,SilentiumPC,Regnum RG6V EVO TG ARGB,372.60,ATX,ATX,ATX Mid Tower,Tempered Glass
608dd450905ec60bdc070096,/images/case/7f588593766fad10c1aaebc042e9b53d.256p.jpg,SilentiumPC,Regnum RG6V TG,322.55,ATX,ATX,ATX Mid Tower,Tempered Glass
608dd450905ec60bdc070097,/images/case/6266815f785d0b1d2c233c0911bc0898.256p.jpg,SilentiumPC,Signum SG1,236.51,ATX,ATX,ATX Mid Tower,None
608dd450905ec60bdc070098,/images/case/100fb6bc4fd91d23aec952b1f9dfad90.256p.jpg,SilentiumPC,Signum SG1 TG,250.16,ATX,ATX,ATX Mid Tower,Tempered Glass
608dd450905ec60bdc070099,/images/case/06ca9e639d47e26a8c4e8cfd0756df8c.256p.jpg,SilentiumPC,Signum SG1M,227.41,ATX,ATX,ATX Mid Tower,None
608dd450905ec60bdc070100,/images/case/e4b839b6511c09f2d6ded3a15d779d83.256p.jpg,SilentiumPC,Signum SG1M TG,283.87,ATX,ATX,ATX Mid Tower,Tempered Glass
608dd450905ec60bdc070101,/images/case/f92e7cd0fe4534f05a83ee68b7fe29be.256p.jpg,SilentiumPC,Signum SG1Q EVO TG ARGB,304.35,ATX,ATX,ATX Mid Tower,Tempered Glass
608dd450905ec60bdc070102,/images/case/27dc7ad48c8c8dccd85c72c2acac68d4.256p.jpg,SilentiumPC,Signum SG1V EVO TG ARGB,349.85,ATX,ATX,ATX Mid Tower,Tempered Glass
608dd450905ec60bdc070103,/images/case/64786fcfee3cacb770b9fa21c93ceabf.256p.jpg,SilentiumPC,Signum SG1X EVO TG ARGB,402.17,ATX,ATX,ATX Mid Tower,Tempered Glass
608dd450905ec60bdc070104,/images/case/71a7a7976d56acbf91c57f86db79e3b8.256p.jpg,SilentiumPC,Signum SG1X TG RGB,349.85,ATX,ATX,ATX Mid Tower,Tempered Glass
608dd450905ec60bdc070105,/images/case/9a74b5007ca37f28206ef125e9d4868d.256p.jpg,SilentiumPC,Signum SG7V EVO TG ARGB,454.77,ATX,ATX,ATX Mid Tower,Tempered Glass
608dd450905ec60bdc070106,/images/case/53e842cc235bf532a1e7add5eabed7f3.256p.jpg,SilentiumPC,Signum SG7V TG,418.10,ATX,ATX,ATX Mid Tower,None
608dd450905ec60bdc070107,/images/case/a3668235822b8fc60fda9f65e2a259c7.256p.jpg,Thermaltake,A500,895.85,ATX,ATX,ATX Mid Tower,Tempered Glass
608dd450905ec60bdc070108,/images/case/6558aef319aba917ae4bdcd38a9f48f9.256p.jpg,Thermaltake,Commander C31 TG ARGB,395.35,ATX,ATX,ATX Mid Tower,Tempered Glass
608dd450905ec60bdc070109,/images/case/8c93d37d49d7a1f75c3f5b940c0bb78b.256p.jpg,Thermaltake,Commander C32 TG ARGB,486.35,ATX,ATX,ATX Mid Tower,Tempered Glass
608dd450905ec60bdc070110,/images/case/142b4041223d62f293270dfba1b86dab.256p.jpg,Thermaltake,Commander C33 TG ARGB,486.35,ATX,ATX,ATX Mid Tower,Tempered Glass
608dd450905ec60bdc070111,/images/case/7a192b9f1bfe7c3c85ce8e97960448ea.256p.jpg,Thermaltake,Commander C34 TG ARGB,395.35,ATX,ATX,ATX Mid Tower,Tempered Glass
608dd450905ec60bdc070112,/images/case/51f2lON5LjL.jpg,Thermaltake,Commander C34 TG Snow ARGB,686.19,ATX,ATX,ATX Mid Tower,Tempered Glass
608dd450905ec60bdc070113,/images/case/e470670504da493bea7802a2925c18ad.256p.jpg,Thermaltake,Commander C35 TG ARGB,717.22,ATX,ATX,ATX Mid Tower,Tempered Glass
608dd450905ec60bdc070114,/images/case/936b12b934ad35bb1ec87ee2014d49f8.256p.jpg,Thermaltake,Commander C36 TG ARGB,454.55,ATX,ATX,ATX Mid Tower,Tempered Glass
608dd450905ec60bdc070115,/images/case/51x-%2B4VtzmL.jpg,Thermaltake,Core G21 Tempered Glass Edition,264.49,ATX,ATX,ATX Mid Tower,Tinted Tempered Glass
608dd450905ec60bdc070116,/images/case/bf6f342285b42a5d62992701c1f4b287.256p.jpg,Thermaltake,Core G3,380.43,ATX,ATX,ATX Mid Tower,Acrylic
608dd450905ec60bdc070117,/images/case/416ZmcKlUFL.jpg,Thermaltake,Core P3,889.71,ATX,ATX,ATX Mid Tower,Tempered Glass
608dd450905ec60bdc070118,/images/case/00ffb5033414256726a5f33e8ce9d641.256p.jpg,Thermaltake,Core P3 TG Curved,1018.15,ATX,ATX,ATX Mid Tower,Tempered Glass
608dd450905ec60bdc070119,/images/case/511OUL9xDGL.jpg,Thermaltake,Core P3 TG Snow Edition,760.44,ATX,ATX,ATX Mid Tower,Tempered Glass
608dd450905ec60bdc070120,/images/case/0c3a50c1a60d3fe0540bfc9bbed070a7.256p.jpg,Thermaltake,Core P90,900.90,ATX,ATX,ATX Mid Tower,Tinted Tempered Glass
608dd450905ec60bdc070121,/images/case/5102Xulm11L.jpg,Thermaltake,Core X31,810.86,ATX,ATX,ATX Mid Tower,Acrylic
608dd450905ec60bdc070122,/images/case/66af16c0f7478482b4d5b79ca7839f71.256p.jpg,Thermaltake,Core X31 TG,527.35,ATX,ATX,ATX Mid Tower,Tempered Glass
608dd450905ec60bdc070123,/images/case/41vV%2BHHpL7L.jpg,Thermaltake,H100 TG,322.55,ATX,ATX,ATX Mid Tower,Tempered Glass
608dd450905ec60bdc070124,/images/case/41ySFsQERWL.jpg,Thermaltake,H200 TG RGB,343.53,ATX,ATX,ATX Mid Tower,Tempered Glass
608dd450905ec60bdc070125,/images/case/41CJtMiG9QL.jpg,Thermaltake,H200 TG Snow RGB,486.35,ATX,ATX,ATX Mid Tower,Tempered Glass
608dd450905ec60bdc070126,/images/case/5204fc34efeb703ab131d925a98f3d64.256p.jpg,Thermaltake,H550 TG ARGB,498.59,ATX,ATX,ATX Mid Tower,Tempered Glass
608dd450905ec60bdc070127,/images/case/aa853f7086d1eec2c2824fa836cc887b.256p.jpg,Thermaltake,Level 20 MT,318.05,ATX,ATX,ATX Mid Tower,Tempered Glass
608dd450905ec60bdc070128,/images/case/ef0dfcdedbc2dc9756cdda4ec5bc188b.256p.jpg,Thermaltake,Level 20 RS ARGB,773.05,ATX,ATX,ATX Mid Tower,Tempered Glass
608dd450905ec60bdc070129,/images/case/ed1825d3552267790801f84b79b8fdb4.256p.jpg,Thermaltake,S300 Tempered Glass Edition,395.35,ATX,ATX,ATX Mid Tower,Tempered Glass
608dd450905ec60bdc070130,/images/case/41VfJhHHxmL.jpg,Thermaltake,Suppressor F31 TG,702.84,ATX,ATX,ATX Mid Tower,Tempered Glass
608dd450905ec60bdc070131,/images/case/4183czee1DL.jpg,Thermaltake,Urban S31,484.44,ATX,ATX,ATX Mid Tower,None
608dd450905ec60bdc070132,/images/case/41apsGd6UrL.jpg,Thermaltake,V200,259.26,ATX,ATX,ATX Mid Tower,Tempered Glass
608dd450905ec60bdc070133,/images/case/41j5%2BnQV10L.jpg,Thermaltake,V200 RGB,349.85,ATX,ATX,ATX Mid Tower,Tempered Glass
608dd450905ec60bdc070134,/images/case/643860f47f4275067f8b31f3cafe7b1c.256p.jpg,Thermaltake,V250 TG ARGB,372.60,ATX,ATX,ATX Mid Tower,Tempered Glass
608dd450905ec60bdc070135,/images/case/288260f283b982e19b0dd35dde94f293.256p.jpg,Thermaltake,Versa C21,322.96,ATX,ATX,ATX Mid Tower,Acrylic
608dd450905ec60bdc070136,/images/case/b18a1ebf1aed839038b05d4e4b9218f9.256p.jpg,Thermaltake,Versa C22 RGB,309.81,ATX,ATX,ATX Mid Tower,Acrylic
608dd450905ec60bdc070137,/images/case/0143eb9279d3657bff7d8afd78b3ac9b.256p.jpg,Thermaltake,Versa C22 RGB Snow Edition,363.50,ATX,ATX,ATX Mid Tower,Acrylic
608dd450905ec60bdc070138,/images/case/41j%2B7eIwJWL.jpg,Thermaltake,Versa C23 RGB,436.35,ATX,ATX,ATX Mid Tower,Tempered Glass
608dd450905ec60bdc070139,/images/case/41ZJESWVk1L.jpg,Thermaltake,Versa H21,267.31,ATX,ATX,ATX Mid Tower,None
608dd450905ec60bdc070140,/images/case/515dPNIn7tL.jpg,Thermaltake,Versa H22,275.09,ATX,ATX,ATX Mid Tower,None
608dd450905ec60bdc070141,/images/case/51NErB79UzL.jpg,Thermaltake,Versa H23,275.91,ATX,ATX,ATX Mid Tower,Acrylic
608dd450905ec60bdc070142,/images/case/3cfc480a18e4bb6255481684d8795480.256p.jpg,Thermaltake,Versa H24,313.45,ATX,ATX,ATX Mid Tower,Acrylic
608dd450905ec60bdc070143,/images/case/004673bbba26d1389e1c4f1fd57ab5cd.256p.jpg,Thermaltake,Versa H25,319.64,ATX,ATX,ATX Mid Tower,Acrylic
608dd450905ec60bdc070144,/images/case/41zgu5zVwNL.jpg,Thermaltake,Versa H26,498.86,ATX,ATX,ATX Mid Tower,Tempered Glass
608dd450905ec60bdc070145,/images/case/51NPXMteoFL.jpg,Thermaltake,Versa H35,437.35,ATX,ATX,ATX Mid Tower,Acrylic
608dd450905ec60bdc070146,/images/case/5458ced882a3beef8e91778750b6ae18.256p.jpg,Thermaltake,Versa J21,326.05,ATX,ATX,ATX Mid Tower,Tempered Glass
608dd450905ec60bdc070147,/images/case/7ccdacabebf06d80acdcf1323e4110e8.256p.jpg,Thermaltake,Versa J22,272.55,ATX,ATX,ATX Mid Tower,Tempered Glass
608dd450905ec60bdc070148,/images/case/de438e0dba4a682ce9d360f9ac96a8c7.256p.jpg,Thermaltake,Versa J23,289.74,ATX,ATX,ATX Mid Tower,Tempered Glass
608dd450905ec60bdc070149,/images/case/5827521256ae1374807bedac23e4460a.256p.jpg,Thermaltake,Versa J23 RGB,410.87,ATX,ATX,ATX Mid Tower,Tempered Glass
608dd450905ec60bdc070150,/images/case/eccf6f1921b45ca778d9d3ed50c1a22a.256p.jpg,Thermaltake,Versa J24,263.49,ATX,ATX,ATX Mid Tower,Tempered Glass
608dd450905ec60bdc070151,/images/case/de571f78d7bb205898c221d48c667f10.256p.jpg,Thermaltake,Versa J24 RGB,410.73,ATX,ATX,ATX Mid Tower,Tempered Glass
608dd450905ec60bdc070152,/images/case/514a360db859bf9cd740431027b38e30.256p.jpg,Thermaltake,Versa J25,322.32,ATX,ATX,ATX Mid Tower,Tempered Glass
608dd450905ec60bdc070153,/images/case/8ff070b72ff6b469ca2c15b3263206ab.256p.jpg,Thermaltake,Versa J25 RGB,431.75,ATX,ATX,ATX Mid Tower,Tempered Glass
608dd450905ec60bdc070154,/images/case/0e880ab3187d9fc986d6ad4cddbdbfc7.256p.jpg,Thermaltake,Versa N21,310.67,ATX,ATX,ATX Mid Tower,Acrylic
608dd450905ec60bdc070155,/images/case/51zi%2BGCAW-L.jpg,Thermaltake,Versa N24,364.91,ATX,ATX,ATX Mid Tower,Acrylic
608dd450905ec60bdc070156,/images/case/61d2bb96301d6879f34668adfe63f0c9.256p.jpg,Thermaltake,Versa N27,775.46,ATX,ATX,ATX Mid Tower,Acrylic
608dd450905ec60bdc070157,/images/case/bc2e89615762c59f713414e04b260538.256p.jpg,Thermaltake,Versa T25,267.95,ATX,ATX,ATX Mid Tower,Tempered Glass
608dd450905ec60bdc070158,/images/case/41w2OuctK0L.jpg,Thermaltake,View 21 Tempered Glass Edition,299.85,ATX,ATX,ATX Mid Tower,Acrylic
608dd450905ec60bdc070159,/images/case/9bb63a8ebdbdc65ec20f68283d794a55.256p.jpg,Thermaltake,View 22,406.32,ATX,ATX,ATX Mid Tower,Acrylic
608dd450905ec60bdc070160,/images/case/41HiF53XgEL.jpg,Thermaltake,View 27,364.27,ATX,ATX,ATX Mid Tower,Acrylic
608dd450905ec60bdc070161,/images/case/419MsPHEd5L.jpg,Thermaltake,View 31 TG,691.19,ATX,ATX,ATX Mid Tower,Acrylic
608dd450905ec60bdc070162,/images/case/abe2d6d29ddba959a62fde9fa0fe4d21.256p.jpg,Thermaltake,View 37,721.99,ATX,ATX,ATX Mid Tower,Acrylic
608dd450905ec60bdc070163,/images/case/4e617122d2900f9435fd497bcc1bd436.256p.jpg,be quiet!,Dark Base 900,735.78,ATX,ATX,ATX Full Tower,None
608dd450905ec60bdc070164,/images/case/d9f0aabe1356385fc6b1bab85990a17e.256p.jpg,be quiet!,Dark Base Pro 900 Rev. 2,998.27,ATX,ATX,ATX Full Tower,Tempered Glass
608dd450905ec60bdc070165,/images/case/31obM2U0nxL.jpg,Cooler Master,Cosmos,1939.21,ATX,ATX,ATX Full Tower,None
608dd450905ec60bdc070166,/images/case/1181299463d46600b7915b6135c4e6a7.256p.jpg,Cooler Master,Cosmos C700M,1960.14,ATX,ATX,ATX Full Tower,Tempered Glass
608dd450905ec60bdc070167,/images/case/2263c1478291772b81e84363835c8a5e.256p.jpg,Cooler Master,Cosmos C700P Black Edition,1353.58,ATX,ATX,ATX Full Tower,Tempered Glass
608dd450905ec60bdc070168,/images/case/dc0c4616fcda218b52d42c758073216c.256p.jpg,Cooler Master,MasterFrame 700,905.22,ATX,ATX,ATX Full Tower,Tempered Glass
608dd450905ec60bdc070169,/images/case/2d6c9fc999e23768823d580af0e761a1.256p.jpg,Cooler Master,Stryker SE,796.80,ATX,ATX,ATX Full Tower,Tempered Glass
608dd450905ec60bdc070170,/images/case/a7a0359ad235cd8cb78730230deb4666.256p.jpg,Corsair,1000D,2660.84,ATX,ATX,ATX Full Tower,Tempered Glass
608dd450905ec60bdc070171,/images/case/c53099401cf671d634e227a3ae029198.256p.jpg,Corsair,750D,657.75,ATX,ATX,ATX Full Tower,Acrylic
608dd450905ec60bdc070172,/images/case/41Dz-UmNVBL.jpg,Corsair,760T,816.36,ATX,ATX,ATX Full Tower,Acrylic
608dd450905ec60bdc070173,/images/case/51%2BuDDg%2B2-L.jpg,Corsair,780T,884.52,ATX,ATX,ATX Full Tower,Acrylic
608dd450905ec60bdc070174,/images/case/5911eeddc2e003c3ea1ec4bec431dfe8.256p.jpg,Corsair,Carbide 600Q,723.59,ATX,ATX,ATX Full Tower,None
608dd450905ec60bdc070175,/images/case/b213daae5fc44dd75e3dc1b1ba2767a2.256p.jpg,Fractal Design,Define 7 XL,941.35,ATX,ATX,ATX Full Tower,None
608dd450905ec60bdc070176,/images/case/aa4e27314abf40c0fdb9408aaac7a1a4.256p.jpg,Fractal Design,Define 7 XL Dark,934.52,ATX,ATX,ATX Full Tower,Tinted Tempered Glass
608dd450905ec60bdc070177,/images/case/40ef5879ed14997361ae7419b81a3bce.256p.jpg,Fractal Design,Define 7 XL Light,943.62,ATX,ATX,ATX Full Tower,Tempered Glass
608dd450905ec60bdc070178,/images/case/1759c35e1268b8bae80b1ca8ffc9c13d.256p.jpg,Fractal Design,Define XL R2,449.22,ATX,ATX,ATX Full Tower,None
608dd450905ec60bdc070179,/images/case/6613bb82582221c0522ee46d2752f400.256p.jpg,Fractal Design,Meshify 2 XL,829.92,ATX,ATX,ATX Full Tower,Tinted Tempered Glass
608dd450905ec60bdc070180,/images/case/47b55829e2790a80f76d0c4a9aa0a269.256p.jpg,Lian Li,O11D XL-A,1032.35,ATX,ATX,ATX Full Tower,Tempered Glass
608dd450905ec60bdc070181,/images/case/57e725b91df63c516dcdd1b0314e306a.256p.jpg,Lian Li,O11D XL-W,1160.39,ATX,ATX,ATX Full Tower,Tempered Glass
608dd450905ec60bdc070182,/images/case/692ed556003849f8f97e835632e8aefb.256p.jpg,Lian Li,O11D XL-X,1000.55,ATX,ATX,ATX Full Tower,Tempered Glass
608dd450905ec60bdc070183,/images/case/34ce33d5968b37f5379d22948f3b2e8e.256p.jpg,Lian Li,PC-O11 Air,1114.30,ATX,ATX,ATX Full Tower,Tempered Glass
608dd450905ec60bdc070184,/images/case/580387945cfb3fe6bac9ef5844c2b55f.256p.jpg,Lian Li,PC-O11 Dynamic,668.35,ATX,ATX,ATX Full Tower,Tempered Glass
608dd450905ec60bdc070185,/images/case/efe678e2df01835226058c40e385be1f.256p.jpg,Lian Li,PC-O11ROG,1528.30,ATX,ATX,ATX Full Tower,Tempered Glass
608dd450905ec60bdc070186,/images/case/51cqK-jAgcL.jpg,Lian Li,PC-V750,1988.30,ATX,ATX,ATX Full Tower,Acrylic
608dd450905ec60bdc070187,/images/case/6a9af4e135ccd7c7d75f16044505752e.256p.jpg,Phanteks,Enthoo 719,902.13,ATX,ATX,ATX Full Tower,Tempered Glass
608dd450905ec60bdc070188,/images/case/c87dbafbce5bd4539481ae8608dfc9cf.256p.jpg,Phanteks,Enthoo Primo,2418.55,ATX,ATX,ATX Full Tower,Acrylic
608dd450905ec60bdc070189,/images/case/a554b12f56f4131dc1484a3d1701dd22.256p.jpg,Phanteks,Enthoo Pro,454.55,ATX,ATX,ATX Full Tower,Acrylic
608dd450905ec60bdc070190,/images/case/407865f97625985c06d7e191e86a3f5b.256p.jpg,Phanteks,Enthoo Pro 2,1089.63,ATX,ATX,ATX Full Tower,Tempered Glass
608dd450905ec60bdc070191,/images/case/41Mplza9DiL.jpg,Phanteks,Enthoo Pro Tempered Glass,531.85,ATX,ATX,ATX Full Tower,Tinted Tempered Glass
608dd450905ec60bdc070192,/images/case/80c79cd14d7d36bdcfcd5ba2a4d1ddb8.256p.jpg,Phanteks,Enthoo Series Primo Aluminum,1091.55,ATX,ATX,ATX Full Tower,Acrylic
608dd450905ec60bdc070193,/images/case/5e0c2bd40fb1f51d18b4024ab132af71.256p.jpg,Phanteks,PH-ES614PC_BK,541.04,ATX,ATX,ATX Full Tower,None
608dd450905ec60bdc070194,/images/case/8aecde4200386c3b9fd93b1a867b5cc8.256p.jpg,Thermaltake,A700 TG,1614.80,ATX,ATX,ATX Full Tower,Tempered Glass
608dd450905ec60bdc070195,/images/case/646fa5735aa2d231b1eb07f7f1bbe3c6.256p.jpg,Thermaltake,AH T600,1282.60,ATX,ATX,ATX Full Tower,Tempered Glass
608dd450905ec60bdc070196,/images/case/75c300e7c255c1c7b86ef66d395b4ed2.256p.jpg,Thermaltake,AH T600 Snow,1269.91,ATX,ATX,ATX Full Tower,Tempered Glass
608dd450905ec60bdc070197,/images/case/51JIeKVqs+L.jpg,Thermaltake,Core P8 TG,1032.35,ATX,ATX,ATX Full Tower,Tempered Glass
608dd450905ec60bdc070198,/images/case/41NE-NgDnUL.jpg,Thermaltake,Core V71 TG,946.76,ATX,ATX,ATX Full Tower,Tempered Glass
608dd450905ec60bdc070199,/images/case/41XR5dcwEXL.jpg,Thermaltake,Core W100,2175.45,ATX,ATX,ATX Full Tower,Acrylic
608dd450905ec60bdc070200,/images/case/51oZrw21%2BDL.jpg,Thermaltake,Core X71,727.95,ATX,ATX,ATX Full Tower,Acrylic
608dd450905ec60bdc070201,/images/case/fe7584667e240572a13c154d663a2200.256p.jpg,Thermaltake,Level 20,3389.70,ATX,ATX,ATX Full Tower,Tempered Glass
608dd450905ec60bdc070202,/images/case/41K9LAHzFPL.jpg,Thermaltake,Level 20 GT,713.85,ATX,ATX,ATX Full Tower,Tempered Glass
608dd450905ec60bdc070203,/images/case/710eb389a9d8d1219212452affb6c9be.256p.jpg,Thermaltake,Level 20 GT RGB Plus,1551.23,ATX,ATX,ATX Full Tower,Tempered Glass
608dd450905ec60bdc070204,/images/case/854c4717ee765fe3b3389e046e4287b5.256p.jpg,Thermaltake,Level 20 HT,982.30,ATX,ATX,ATX Full Tower,Tempered Glass
608dd450905ec60bdc070205,/images/case/942eb64ffd78a2efc1b18cd4583e920e.256p.jpg,Thermaltake,Level 20 HT Snow Edition,1073.30,ATX,ATX,ATX Full Tower,Tempered Glass
608dd450905ec60bdc070206,/images/case/51iHNp8Cp1L.jpg,Thermaltake,Tower 900,1094.18,ATX,ATX,ATX Full Tower,Tempered Glass
608dd450905ec60bdc070207,/images/case/51ZQ47jwAtL.jpg,Thermaltake,Tower 900 Snow Edition,1159.75,ATX,ATX,ATX Full Tower,Tempered Glass
608dd450905ec60bdc070208,/images/case/f342bd8fd1a5a474997e69d285719f92.256p.jpg,Thermaltake,View 51 ARGB Edition,1000.55,ATX,ATX,ATX Full Tower,Tempered Glass
608dd450905ec60bdc070209,/images/case/79b13e4ad7fcd073566c710bf3b44643.256p.jpg,Thermaltake,View 51 Snow ARGB Edition,1032.35,ATX,ATX,ATX Full Tower,Tempered Glass
608dd450905ec60bdc070210,/images/case/41jxLz7lI0L.jpg,Thermaltake,View 71 TG,782.10,ATX,ATX,ATX Full Tower,Acrylic
608dd450905ec60bdc070211,/images/case/41tlbW670-L.jpg,Thermaltake,View 71 TG RGB,941.35,ATX,ATX,ATX Full Tower,Acrylic
608dd450905ec60bdc070212,/images/case/41Hfne9t3LL.jpg,Thermaltake,View 71 TG RGB Plus,1210.25,ATX,ATX,ATX Full Tower,Acrylic
608dd450905ec60bdc070213,/images/case/2e7ce7db8491f2255c1c3093c036f02f.256p.jpg,Thermaltake,View 71 TG Snow,941.35,ATX,ATX,ATX Full Tower,Acrylic
608dd450905ec60bdc070214,/images/case/51J%2BJf1%2BTlL.jpg,Cooler Master,HAF XB,581.17,ATX,ATX,ATX Desktop,None
608dd450905ec60bdc070215,/images/case/978ae9cfcbbd7871f11488c42c3c98c9.256p.jpg,Cooler Master,HAF XB EVO,568.25,ATX,ATX,ATX Desktop,None
608dd450905ec60bdc070216,/images/case/6408ef00771d6904ee1e0ba56d832048.256p.jpg,Thermaltake,Level 20 XT,909.95,ATX,ATX,ATX Desktop,Tempered Glass